-- 用户初始化
delete from sys_user;
insert into sys_user (id, username, password, nickname, email, phone, avatar, type, sex, login_ip, login_time, status, create_by, create_time, update_by, update_time, note) values (1, 'admin', '123456', '超级管理员', 'superadmin@test.com', '13800000001', null, '0', '0', null, null, '0', 'system', now(), null, null, null);
insert into sys_user (id, username, password, nickname, email, phone, avatar, type, sex, login_ip, login_time, status, create_by, create_time, update_by, update_time, note) values (2, 'zhangsan', '123456', '张三', 'zhangsan@test.com', '13800000002', null, '1', '0', null, null, '0', 'system', now(), null, null, '总部采购岗位示例用户');
insert into sys_user (id, username, password, nickname, email, phone, avatar, type, sex, login_ip, login_time, status, create_by, create_time, update_by, update_time, note) values (3, 'lisi', '123456', '李四', 'lisi@test.com', '13800000003', null, '1', '0', null, null, '0', 'system', now(), null, null, '华东采购岗位示例用户');
insert into sys_user (id, username, password, nickname, email, phone, avatar, type, sex, login_ip, login_time, status, create_by, create_time, update_by, update_time, note) values (4, 'wangwu', '123456', '王五', 'wangwu@test.com', '13800000004', null, '1', '0', null, null, '0', 'system', now(), null, null, '华北财务岗位示例用户');

-- 系统导航模块、隐藏路由与功能权限均由 init_Data.sql 初始化

-- 字典初始化
delete from sys_dict_type;
insert into sys_dict_type (id, name, type, status, create_by, create_time, update_by, update_time, note) values (3001, '用户性别', 'sys_user_sex', '0', 'system', now(), null, null, '用户性别列表');
insert into sys_dict_type (id, name, type, status, create_by, create_time, update_by, update_time, note) values (3002, '显示状态', 'sys_show_hide', '0', 'system', now(), null, null, '菜单显示状态列表');
insert into sys_dict_type (id, name, type, status, create_by, create_time, update_by, update_time, note) values (3003, '系统开关', 'sys_normal_disable', '0', 'system', now(), null, null, '系统开关列表');
insert into sys_dict_type (id, name, type, status, create_by, create_time, update_by, update_time, note) values (3004, '是否字典', 'sys_yes_no', '0', 'system', now(), null, null, '是否字典列表');

delete from sys_dict_data;
insert into sys_dict_data (id, dict_type_id, label, value, sort, css_class, list_class, default_flag, status, create_by, create_time, update_by, update_time, note) values (4001, 3001, '男', '0', 1, null, 'primary', 'N', '0', 'system', now(), null, null, '用户性别男');
insert into sys_dict_data (id, dict_type_id, label, value, sort, css_class, list_class, default_flag, status, create_by, create_time, update_by, update_time, note) values (4002, 3001, '女', '1', 2, null, 'danger', 'N', '0', 'system', now(), null, null, '用户性别女');
insert into sys_dict_data (id, dict_type_id, label, value, sort, css_class, list_class, default_flag, status, create_by, create_time, update_by, update_time, note) values (4003, 3001, '未知', '2', 3, null, 'info', 'Y', '0', 'system', now(), null, null, '用户性别未知');
insert into sys_dict_data (id, dict_type_id, label, value, sort, css_class, list_class, default_flag, status, create_by, create_time, update_by, update_time, note) values (4004, 3002, '显示', '0', 1, null, 'success', 'Y', '0', 'system', now(), null, null, '菜单显示');
insert into sys_dict_data (id, dict_type_id, label, value, sort, css_class, list_class, default_flag, status, create_by, create_time, update_by, update_time, note) values (4005, 3002, '隐藏', '1', 2, null, 'warning', 'N', '0', 'system', now(), null, null, '菜单隐藏');
insert into sys_dict_data (id, dict_type_id, label, value, sort, css_class, list_class, default_flag, status, create_by, create_time, update_by, update_time, note) values (4006, 3003, '正常', '0', 1, null, 'success', 'Y', '0', 'system', now(), null, null, '系统正常状态');
insert into sys_dict_data (id, dict_type_id, label, value, sort, css_class, list_class, default_flag, status, create_by, create_time, update_by, update_time, note) values (4007, 3003, '停用', '1', 2, null, 'danger', 'N', '0', 'system', now(), null, null, '系统停用状态');
insert into sys_dict_data (id, dict_type_id, label, value, sort, css_class, list_class, default_flag, status, create_by, create_time, update_by, update_time, note) values (4008, 3004, '是', 'Y', 1, null, 'success', 'Y', '0', 'system', now(), null, null, '是否字典是');
insert into sys_dict_data (id, dict_type_id, label, value, sort, css_class, list_class, default_flag, status, create_by, create_time, update_by, update_time, note) values (4009, 3004, '否', 'N', 2, null, 'info', 'N', '0', 'system', now(), null, null, '是否字典否');

-- 参数配置初始化
delete from sys_config;
insert into sys_config (id, config_name, config_key, config_value, config_type, create_by, create_time, update_by, update_time, note) values (5001, '主框架页-默认皮肤样式名称', 'sys.index.skinName', 'skin-blue', 'Y', 'system', now(), null, null, '蓝色 skin-blue、绿色 skin-green、紫色 skin-purple、红色 skin-red、黄色 skin-yellow');
insert into sys_config (id, config_name, config_key, config_value, config_type, create_by, create_time, update_by, update_time, note) values (5002, '用户管理-账号初始密码', 'sys.user.initPassword', '123456', 'Y', 'system', now(), null, null, '初始化密码 123456');
insert into sys_config (id, config_name, config_key, config_value, config_type, create_by, create_time, update_by, update_time, note) values (5003, '账号自助-验证码开关', 'sys.account.captchaEnabled', 'true', 'Y', 'system', now(), null, null, '是否开启验证码');

-- 岗位管理初始化
delete from sys_user_org_post;
delete from sys_org_post;
delete from sys_org_unit;

insert into sys_org_unit (id, parent_id, ancestors, org_code, org_name, org_type, sort, leader_user_id, status, create_by, create_time, update_by, update_time, note) values (9001, 0, '0', 'SOLI_HQ', '总公司', 'HEADQUARTERS', 1, 1, '0', 'system', now(), null, null, '岗位管理根组织节点');
insert into sys_org_unit (id, parent_id, ancestors, org_code, org_name, org_type, sort, leader_user_id, status, create_by, create_time, update_by, update_time, note) values (9002, 9001, '0,9001', 'SOLI_EAST', '华东分公司', 'BRANCH', 1, 1, '0', 'system', now(), null, null, '华东业务组织节点');
insert into sys_org_unit (id, parent_id, ancestors, org_code, org_name, org_type, sort, leader_user_id, status, create_by, create_time, update_by, update_time, note) values (9003, 9001, '0,9001', 'SOLI_SOUTH', '华南分公司', 'BRANCH', 2, 1, '0', 'system', now(), null, null, '华南业务组织节点');
insert into sys_org_unit (id, parent_id, ancestors, org_code, org_name, org_type, sort, leader_user_id, status, create_by, create_time, update_by, update_time, note) values (9004, 9001, '0,9001', 'SOLI_NORTH', '华北分公司', 'BRANCH', 3, 1, '0', 'system', now(), null, null, '华北业务组织节点');

insert into sys_org_post (id, org_unit_id, parent_post_id, ancestors, post_code, post_name, post_type, manager_user_id, sort, status, create_by, create_time, update_by, update_time, note) values (9101, 9001, 0, '0', 'HQ_MANAGER', '总公司负责人', 'MANAGER', 1, 1, '0', 'system', now(), null, null, '总公司管理岗位');
insert into sys_org_post (id, org_unit_id, parent_post_id, ancestors, post_code, post_name, post_type, manager_user_id, sort, status, create_by, create_time, update_by, update_time, note) values (9102, 9001, 9101, '0,9101', 'HQ_BUYER', '总部采购专员', 'BUYER', 2, 1, '0', 'system', now(), null, null, '总部采购执行岗位');
insert into sys_org_post (id, org_unit_id, parent_post_id, ancestors, post_code, post_name, post_type, manager_user_id, sort, status, create_by, create_time, update_by, update_time, note) values (9103, 9002, 0, '0', 'EAST_MANAGER', '华东分公司负责人', 'MANAGER', 1, 1, '0', 'system', now(), null, null, '华东分公司管理岗位');
insert into sys_org_post (id, org_unit_id, parent_post_id, ancestors, post_code, post_name, post_type, manager_user_id, sort, status, create_by, create_time, update_by, update_time, note) values (9104, 9002, 9103, '0,9103', 'EAST_BUYER', '华东采购专员', 'BUYER', 3, 1, '0', 'system', now(), null, null, '华东采购执行岗位');
insert into sys_org_post (id, org_unit_id, parent_post_id, ancestors, post_code, post_name, post_type, manager_user_id, sort, status, create_by, create_time, update_by, update_time, note) values (9105, 9003, 0, '0', 'SOUTH_MANAGER', '华南分公司负责人', 'MANAGER', 1, 1, '0', 'system', now(), null, null, '华南分公司管理岗位');
insert into sys_org_post (id, org_unit_id, parent_post_id, ancestors, post_code, post_name, post_type, manager_user_id, sort, status, create_by, create_time, update_by, update_time, note) values (9106, 9003, 9105, '0,9105', 'SOUTH_OPERATOR', '华南运营专员', 'OPERATION', 4, 1, '0', 'system', now(), null, null, '华南运营执行岗位');
insert into sys_org_post (id, org_unit_id, parent_post_id, ancestors, post_code, post_name, post_type, manager_user_id, sort, status, create_by, create_time, update_by, update_time, note) values (9107, 9004, 0, '0', 'NORTH_MANAGER', '华北分公司负责人', 'MANAGER', 1, 1, '0', 'system', now(), null, null, '华北分公司管理岗位');
insert into sys_org_post (id, org_unit_id, parent_post_id, ancestors, post_code, post_name, post_type, manager_user_id, sort, status, create_by, create_time, update_by, update_time, note) values (9108, 9004, 9107, '0,9107', 'NORTH_FINANCE', '华北财务专员', 'FINANCE', 4, 1, '0', 'system', now(), null, null, '华北财务执行岗位');

insert into sys_user_org_post (id, user_id, org_post_id, primary_flag, status, create_by, create_time, update_by, update_time, note) values (9201, 1, 9101, 'Y', '0', 'system', now(), null, null, 'admin 主岗总公司负责人');
insert into sys_user_org_post (id, user_id, org_post_id, primary_flag, status, create_by, create_time, update_by, update_time, note) values (9202, 1, 9103, 'N', '0', 'system', now(), null, null, 'admin 兼岗华东分公司负责人');
insert into sys_user_org_post (id, user_id, org_post_id, primary_flag, status, create_by, create_time, update_by, update_time, note) values (9203, 1, 9105, 'N', '0', 'system', now(), null, null, 'admin 兼岗华南分公司负责人');
insert into sys_user_org_post (id, user_id, org_post_id, primary_flag, status, create_by, create_time, update_by, update_time, note) values (9204, 1, 9107, 'N', '0', 'system', now(), null, null, 'admin 兼岗华北分公司负责人');
insert into sys_user_org_post (id, user_id, org_post_id, primary_flag, status, create_by, create_time, update_by, update_time, note) values (9205, 2, 9102, 'Y', '0', 'system', now(), null, null, '张三分配到总部采购专员');
insert into sys_user_org_post (id, user_id, org_post_id, primary_flag, status, create_by, create_time, update_by, update_time, note) values (9206, 3, 9104, 'Y', '0', 'system', now(), null, null, '李四分配到华东采购专员');
insert into sys_user_org_post (id, user_id, org_post_id, primary_flag, status, create_by, create_time, update_by, update_time, note) values (9207, 4, 9108, 'Y', '0', 'system', now(), null, null, '王五分配到华北财务专员');

-- 模块权限平台初始化
delete from sys_module_publish_log;
delete from sys_module_state_button_auth;
delete from sys_module_state_field_auth;
delete from sys_org_post_button_auth;
delete from sys_org_post_field_auth;
delete from sys_org_post_module_auth;
delete from sys_module_field_title;
delete from sys_module_transition;
delete from sys_module_state;
delete from sys_module_button;
delete from sys_module_field;
delete from sys_module_tab;
delete from sys_module;

insert into sys_module (id, parent_id, ancestors, module_code, module_name, module_type, route_path, component_path, icon, sort, nav_visible, stateful_flag, state_field_code, context_version, status, create_by, create_time, update_by, update_time, note) values (100, 0, '0', 'purchase', '采购管理', 'CATALOG', '/purchase', null, 'ShoppingCart', 1, '1', '0', null, 3, '0', 'system', now(), null, null, '采购业务模块目录');
insert into sys_module (id, parent_id, ancestors, module_code, module_name, module_type, route_path, component_path, icon, sort, nav_visible, stateful_flag, state_field_code, context_version, status, create_by, create_time, update_by, update_time, note) values (101, 100, '0,100', 'purchase_order', '采购订单', 'BILL', 'bill-template', 'purchase/bill-template/BillTemplateIndex', 'Document', 1, '1', '1', 'status', 5, '0', 'system', now(), null, null, '采购订单模板页面');
insert into sys_module (id, parent_id, ancestors, module_code, module_name, module_type, route_path, component_path, icon, sort, nav_visible, stateful_flag, state_field_code, context_version, status, create_by, create_time, update_by, update_time, note) values (102, 100, '0,100', 'purchase_order_create', '采购订单新增', 'PAGE', 'bill-template/create', 'purchase/bill-template/BillTemplateCreate', 'DocumentAdd', 2, '0', '0', null, 1, '0', 'system', now(), null, null, '采购订单新增隐藏路由');
insert into sys_module (id, parent_id, ancestors, module_code, module_name, module_type, route_path, component_path, icon, sort, nav_visible, stateful_flag, state_field_code, context_version, status, create_by, create_time, update_by, update_time, note) values (103, 100, '0,100', 'purchase_order_detail', '采购订单详情', 'PAGE', 'bill-template/detail', 'purchase/bill-template/BillTemplateDetail', 'DocumentChecked', 3, '0', '0', null, 1, '0', 'system', now(), null, null, '采购订单详情隐藏路由');
insert into sys_module (id, parent_id, ancestors, module_code, module_name, module_type, route_path, component_path, icon, sort, nav_visible, stateful_flag, state_field_code, context_version, status, create_by, create_time, update_by, update_time, note) values (300, 0, '0', 'sys_system', '系统管理', 'CATALOG', '/system', null, 'Tools', 99, '1', '0', null, 1, '0', 'system', now(), null, null, '系统后台导航根目录');
insert into sys_module (id, parent_id, ancestors, module_code, module_name, module_type, route_path, component_path, icon, sort, nav_visible, stateful_flag, state_field_code, context_version, status, create_by, create_time, update_by, update_time, note) values (301, 300, '0,300', 'sys_user', '用户管理', 'PAGE', 'user', 'system/user/index', 'User', 1, '1', '0', null, 1, '0', 'system', now(), null, null, '系统用户维护页面');
insert into sys_module (id, parent_id, ancestors, module_code, module_name, module_type, route_path, component_path, icon, sort, nav_visible, stateful_flag, state_field_code, context_version, status, create_by, create_time, update_by, update_time, note) values (303, 300, '0,300', 'sys_module', '模块管理', 'PAGE', 'module-center', 'system/module-center/index', 'Grid', 3, '1', '0', null, 1, '0', 'system', now(), null, null, '模块管理页面');
insert into sys_module (id, parent_id, ancestors, module_code, module_name, module_type, route_path, component_path, icon, sort, nav_visible, stateful_flag, state_field_code, context_version, status, create_by, create_time, update_by, update_time, note) values (304, 300, '0,300', 'sys_org_post', '岗位管理', 'PAGE', 'post-manage', 'system/post-manage/index', 'OfficeBuilding', 4, '1', '0', null, 1, '0', 'system', now(), null, null, '组织岗位维护页面');
insert into sys_module (id, parent_id, ancestors, module_code, module_name, module_type, route_path, component_path, icon, sort, nav_visible, stateful_flag, state_field_code, context_version, status, create_by, create_time, update_by, update_time, note) values (305, 300, '0,300', 'sys_function_auth', '功能授权', 'PAGE', 'function-auth', 'system/function-auth/index', 'Lock', 5, '1', '0', null, 1, '0', 'system', now(), null, null, '岗位功能授权页面');
insert into sys_module (id, parent_id, ancestors, module_code, module_name, module_type, route_path, component_path, icon, sort, nav_visible, stateful_flag, state_field_code, context_version, status, create_by, create_time, update_by, update_time, note) values (306, 300, '0,300', 'sys_module_title', '字段标题', 'PAGE', 'module-title', 'system/module-title/index', 'EditPen', 6, '1', '0', null, 1, '0', 'system', now(), null, null, '字段标题维护页面');
insert into sys_module (id, parent_id, ancestors, module_code, module_name, module_type, route_path, component_path, icon, sort, nav_visible, stateful_flag, state_field_code, context_version, status, create_by, create_time, update_by, update_time, note) values (307, 300, '0,300', 'sys_state_auth', '状态权限', 'PAGE', 'state-auth', 'system/state-auth/index', 'SetUp', 7, '1', '0', null, 1, '0', 'system', now(), null, null, '状态权限维护页面');
insert into sys_module (id, parent_id, ancestors, module_code, module_name, module_type, route_path, component_path, icon, sort, nav_visible, stateful_flag, state_field_code, context_version, status, create_by, create_time, update_by, update_time, note) values (308, 300, '0,300', 'sys_dict', '字典管理', 'PAGE', 'dict', 'system/dict/index', 'Reading', 8, '1', '0', null, 1, '0', 'system', now(), null, null, '字典类型与字典数据维护页面');
insert into sys_module (id, parent_id, ancestors, module_code, module_name, module_type, route_path, component_path, icon, sort, nav_visible, stateful_flag, state_field_code, context_version, status, create_by, create_time, update_by, update_time, note) values (309, 300, '0,300', 'sys_config', '参数设置', 'PAGE', 'config', 'system/config/index', 'Tools', 9, '1', '0', null, 1, '0', 'system', now(), null, null, '系统参数维护页面');
insert into sys_module (id, parent_id, ancestors, module_code, module_name, module_type, route_path, component_path, icon, sort, nav_visible, stateful_flag, state_field_code, context_version, status, create_by, create_time, update_by, update_time, note) values (310, 300, '0,300', 'sys_log', '日志管理', 'CATALOG', 'log', null, 'Monitor', 10, '1', '0', null, 1, '0', 'system', now(), null, null, '日志管理目录');
insert into sys_module (id, parent_id, ancestors, module_code, module_name, module_type, route_path, component_path, icon, sort, nav_visible, stateful_flag, state_field_code, context_version, status, create_by, create_time, update_by, update_time, note) values (311, 310, '0,300,310', 'sys_operlog', '操作日志', 'PAGE', 'operlog', 'system/monitor/operlog/index', 'Document', 1, '1', '0', null, 1, '0', 'system', now(), null, null, '操作日志页面');
insert into sys_module (id, parent_id, ancestors, module_code, module_name, module_type, route_path, component_path, icon, sort, nav_visible, stateful_flag, state_field_code, context_version, status, create_by, create_time, update_by, update_time, note) values (312, 310, '0,300,310', 'sys_logininfor', '登录日志', 'PAGE', 'logininfor', 'system/monitor/logininfor/index', 'Key', 2, '1', '0', null, 1, '0', 'system', now(), null, null, '登录日志页面');
insert into sys_module (id, parent_id, ancestors, module_code, module_name, module_type, route_path, component_path, icon, sort, nav_visible, stateful_flag, state_field_code, context_version, status, create_by, create_time, update_by, update_time, note) values (313, 300, '0,300', 'sys_dict_data', '字典数据', 'PAGE', 'dict/:dictId/data', 'system/dict-data/index', 'Tickets', 81, '0', '0', null, 1, '0', 'system', now(), null, null, '字典数据隐藏路由');

insert into sys_module_tab (id, module_id, tab_scope, tab_code, tab_name, sort, status, create_by, create_time, update_by, update_time, note) values (10101, 101, 'HEADER', 'base_info', '基础信息', 1, '0', 'system', now(), null, null, '采购订单头信息');
insert into sys_module_tab (id, module_id, tab_scope, tab_code, tab_name, sort, status, create_by, create_time, update_by, update_time, note) values (10103, 101, 'HEADER', 'audit_info', '审核信息', 2, '0', 'system', now(), null, null, '采购审核追踪信息');
insert into sys_module_tab (id, module_id, tab_scope, tab_code, tab_name, sort, status, create_by, create_time, update_by, update_time, note) values (10102, 101, 'DETAIL', 'item_detail', '物料明细', 1, '0', 'system', now(), null, null, '采购订单明细行');

insert into sys_module_field (id, module_id, tab_id, field_scope, field_code, default_title, component_type, data_path, value_type, required_flag, sort, status, create_by, create_time, update_by, update_time, note) values (1010101, 101, 10101, 'HEADER', 'supplierName', '供应商名称', 'search-select', 'header.supplierName', 'string', '1', 1, '0', 'system', now(), null, null, '支持按名称、编码联想选择');
insert into sys_module_field (id, module_id, tab_id, field_scope, field_code, default_title, component_type, data_path, value_type, required_flag, sort, status, create_by, create_time, update_by, update_time, note) values (1010102, 101, 10101, 'HEADER', 'sourceBillNo', '来源单号', 'input', 'header.sourceBillNo', 'string', '0', 2, '0', 'system', now(), null, null, null);
insert into sys_module_field (id, module_id, tab_id, field_scope, field_code, default_title, component_type, data_path, value_type, required_flag, sort, status, create_by, create_time, update_by, update_time, note) values (1010103, 101, 10101, 'HEADER', 'sourceType', '来源类型', 'tag', 'header.sourceType', 'string', '0', 3, '0', 'system', now(), null, null, null);
insert into sys_module_field (id, module_id, tab_id, field_scope, field_code, default_title, component_type, data_path, value_type, required_flag, sort, status, create_by, create_time, update_by, update_time, note) values (1010104, 101, 10101, 'HEADER', 'amount', '订单金额', 'amount', 'header.amount', 'decimal', '1', 4, '0', 'system', now(), null, null, null);
insert into sys_module_field (id, module_id, tab_id, field_scope, field_code, default_title, component_type, data_path, value_type, required_flag, sort, status, create_by, create_time, update_by, update_time, note) values (1010301, 101, 10103, 'HEADER', 'status', '单据状态', 'tag', 'header.status', 'string', '1', 1, '0', 'system', now(), null, null, null);
insert into sys_module_field (id, module_id, tab_id, field_scope, field_code, default_title, component_type, data_path, value_type, required_flag, sort, status, create_by, create_time, update_by, update_time, note) values (1010302, 101, 10103, 'HEADER', 'auditUserName', '审核人', 'text', 'header.auditUserName', 'string', '0', 2, '0', 'system', now(), null, null, null);
insert into sys_module_field (id, module_id, tab_id, field_scope, field_code, default_title, component_type, data_path, value_type, required_flag, sort, status, create_by, create_time, update_by, update_time, note) values (1010303, 101, 10103, 'HEADER', 'auditTime', '审核时间', 'datetime', 'header.auditTime', 'datetime', '0', 3, '0', 'system', now(), null, null, null);
insert into sys_module_field (id, module_id, tab_id, field_scope, field_code, default_title, component_type, data_path, value_type, required_flag, sort, status, create_by, create_time, update_by, update_time, note) values (1010201, 101, 10102, 'DETAIL', 'materialName', '物料名称', 'search-select', 'detail.items.materialName', 'string', '1', 1, '0', 'system', now(), null, null, null);
insert into sys_module_field (id, module_id, tab_id, field_scope, field_code, default_title, component_type, data_path, value_type, required_flag, sort, status, create_by, create_time, update_by, update_time, note) values (1010202, 101, 10102, 'DETAIL', 'qty', '数量', 'number', 'detail.items.qty', 'decimal', '1', 2, '0', 'system', now(), null, null, null);
insert into sys_module_field (id, module_id, tab_id, field_scope, field_code, default_title, component_type, data_path, value_type, required_flag, sort, status, create_by, create_time, update_by, update_time, note) values (1010203, 101, 10102, 'DETAIL', 'price', '单价', 'amount', 'detail.items.price', 'decimal', '1', 3, '0', 'system', now(), null, null, null);
insert into sys_module_field (id, module_id, tab_id, field_scope, field_code, default_title, component_type, data_path, value_type, required_flag, sort, status, create_by, create_time, update_by, update_time, note) values (1010204, 101, 10102, 'DETAIL', 'lineAmount', '行金额', 'amount', 'detail.items.lineAmount', 'decimal', '1', 4, '0', 'system', now(), null, null, null);

insert into sys_module_field_title (id, field_id, locale, display_title, placeholder, help_text, status, create_by, create_time, update_by, update_time, note) values (1011101, 1010101, 'zh_CN', null, null, null, '0', 'system', now(), null, null, '供应商名称字段标题默认记录');
insert into sys_module_field_title (id, field_id, locale, display_title, placeholder, help_text, status, create_by, create_time, update_by, update_time, note) values (1011102, 1010102, 'zh_CN', null, null, null, '0', 'system', now(), null, null, '来源单号字段标题默认记录');
insert into sys_module_field_title (id, field_id, locale, display_title, placeholder, help_text, status, create_by, create_time, update_by, update_time, note) values (1011103, 1010103, 'zh_CN', null, null, null, '0', 'system', now(), null, null, '来源类型字段标题默认记录');
insert into sys_module_field_title (id, field_id, locale, display_title, placeholder, help_text, status, create_by, create_time, update_by, update_time, note) values (1011104, 1010104, 'zh_CN', null, null, null, '0', 'system', now(), null, null, '订单金额字段标题默认记录');
insert into sys_module_field_title (id, field_id, locale, display_title, placeholder, help_text, status, create_by, create_time, update_by, update_time, note) values (1011301, 1010301, 'zh_CN', null, null, null, '0', 'system', now(), null, null, '单据状态字段标题默认记录');
insert into sys_module_field_title (id, field_id, locale, display_title, placeholder, help_text, status, create_by, create_time, update_by, update_time, note) values (1011302, 1010302, 'zh_CN', null, null, null, '0', 'system', now(), null, null, '审核人字段标题默认记录');
insert into sys_module_field_title (id, field_id, locale, display_title, placeholder, help_text, status, create_by, create_time, update_by, update_time, note) values (1011303, 1010303, 'zh_CN', null, null, null, '0', 'system', now(), null, null, '审核时间字段标题默认记录');
insert into sys_module_field_title (id, field_id, locale, display_title, placeholder, help_text, status, create_by, create_time, update_by, update_time, note) values (1011201, 1010201, 'zh_CN', null, null, null, '0', 'system', now(), null, null, '物料名称字段标题默认记录');
insert into sys_module_field_title (id, field_id, locale, display_title, placeholder, help_text, status, create_by, create_time, update_by, update_time, note) values (1011202, 1010202, 'zh_CN', null, null, null, '0', 'system', now(), null, null, '数量字段标题默认记录');
insert into sys_module_field_title (id, field_id, locale, display_title, placeholder, help_text, status, create_by, create_time, update_by, update_time, note) values (1011203, 1010203, 'zh_CN', null, null, null, '0', 'system', now(), null, null, '单价字段标题默认记录');
insert into sys_module_field_title (id, field_id, locale, display_title, placeholder, help_text, status, create_by, create_time, update_by, update_time, note) values (1011204, 1010204, 'zh_CN', null, null, null, '0', 'system', now(), null, null, '行金额字段标题默认记录');

insert into sys_module_button (id, module_id, button_code, default_title, button_area, sort, status, create_by, create_time, update_by, update_time, note) values (101001, 101, 'create', '新增', 'LIST_TOOLBAR', 1, '0', 'system', now(), null, null, null);
insert into sys_module_button (id, module_id, button_code, default_title, button_area, sort, status, create_by, create_time, update_by, update_time, note) values (101002, 101, 'export', '导出', 'LIST_TOOLBAR', 2, '0', 'system', now(), null, null, null);
insert into sys_module_button (id, module_id, button_code, default_title, button_area, sort, status, create_by, create_time, update_by, update_time, note) values (101003, 101, 'detail', '查看详情', 'LIST_ROW_BUTTON', 3, '0', 'system', now(), null, null, null);
insert into sys_module_button (id, module_id, button_code, default_title, button_area, sort, status, create_by, create_time, update_by, update_time, note) values (101004, 101, 'edit', '编辑', 'LIST_ROW_BUTTON', 4, '0', 'system', now(), null, null, null);
insert into sys_module_button (id, module_id, button_code, default_title, button_area, sort, status, create_by, create_time, update_by, update_time, note) values (101005, 101, 'save', '保存', 'HEADER_TOOLBAR', 5, '0', 'system', now(), null, null, null);
insert into sys_module_button (id, module_id, button_code, default_title, button_area, sort, status, create_by, create_time, update_by, update_time, note) values (101006, 101, 'submit', '提交', 'HEADER_TOOLBAR', 6, '0', 'system', now(), null, null, null);
insert into sys_module_button (id, module_id, button_code, default_title, button_area, sort, status, create_by, create_time, update_by, update_time, note) values (101007, 101, 'audit', '审核', 'HEADER_TOOLBAR', 7, '0', 'system', now(), null, null, null);
insert into sys_module_button (id, module_id, button_code, default_title, button_area, sort, status, create_by, create_time, update_by, update_time, note) values (101008, 101, 'ship', '发运', 'HEADER_TOOLBAR', 8, '0', 'system', now(), null, null, null);
insert into sys_module_button (id, module_id, button_code, default_title, button_area, sort, status, create_by, create_time, update_by, update_time, note) values (101009, 101, 'complete', '完成', 'HEADER_TOOLBAR', 9, '0', 'system', now(), null, null, null);
insert into sys_module_button (id, module_id, button_code, default_title, button_area, sort, status, create_by, create_time, update_by, update_time, note) values (101010, 101, 'addRow', '新增行', 'DETAIL_ROW_BUTTON', 10, '0', 'system', now(), null, null, null);
insert into sys_module_button (id, module_id, button_code, default_title, button_area, sort, status, create_by, create_time, update_by, update_time, note) values (101011, 101, 'removeRow', '删除行', 'DETAIL_ROW_BUTTON', 11, '0', 'system', now(), null, null, null);
insert into sys_module_button (id, module_id, button_code, default_title, button_area, sort, status, create_by, create_time, update_by, update_time, note) values (301001, 301, 'create', '新增', 'LIST_TOOLBAR', 1, '0', 'system', now(), null, null, null);
insert into sys_module_button (id, module_id, button_code, default_title, button_area, sort, status, create_by, create_time, update_by, update_time, note) values (301002, 301, 'modify', '修改', 'LIST_ROW_BUTTON', 2, '0', 'system', now(), null, null, null);
insert into sys_module_button (id, module_id, button_code, default_title, button_area, sort, status, create_by, create_time, update_by, update_time, note) values (301003, 301, 'remove', '删除', 'LIST_ROW_BUTTON', 3, '0', 'system', now(), null, null, null);
insert into sys_module_button (id, module_id, button_code, default_title, button_area, sort, status, create_by, create_time, update_by, update_time, note) values (303001, 303, 'create', '新增', 'LIST_TOOLBAR', 1, '0', 'system', now(), null, null, null);
insert into sys_module_button (id, module_id, button_code, default_title, button_area, sort, status, create_by, create_time, update_by, update_time, note) values (303002, 303, 'modify', '修改', 'LIST_ROW_BUTTON', 2, '0', 'system', now(), null, null, null);
insert into sys_module_button (id, module_id, button_code, default_title, button_area, sort, status, create_by, create_time, update_by, update_time, note) values (303003, 303, 'remove', '删除', 'LIST_ROW_BUTTON', 3, '0', 'system', now(), null, null, null);
insert into sys_module_button (id, module_id, button_code, default_title, button_area, sort, status, create_by, create_time, update_by, update_time, note) values (303004, 303, 'tabCreate', 'Tab新增', 'HEADER_TOOLBAR', 4, '0', 'system', now(), null, null, null);
insert into sys_module_button (id, module_id, button_code, default_title, button_area, sort, status, create_by, create_time, update_by, update_time, note) values (303005, 303, 'tabModify', 'Tab修改', 'HEADER_TOOLBAR', 5, '0', 'system', now(), null, null, null);
insert into sys_module_button (id, module_id, button_code, default_title, button_area, sort, status, create_by, create_time, update_by, update_time, note) values (303006, 303, 'tabRemove', 'Tab删除', 'HEADER_TOOLBAR', 6, '0', 'system', now(), null, null, null);
insert into sys_module_button (id, module_id, button_code, default_title, button_area, sort, status, create_by, create_time, update_by, update_time, note) values (303007, 303, 'fieldCreate', '字段新增', 'HEADER_TOOLBAR', 7, '0', 'system', now(), null, null, null);
insert into sys_module_button (id, module_id, button_code, default_title, button_area, sort, status, create_by, create_time, update_by, update_time, note) values (303008, 303, 'fieldModify', '字段修改', 'HEADER_TOOLBAR', 8, '0', 'system', now(), null, null, null);
insert into sys_module_button (id, module_id, button_code, default_title, button_area, sort, status, create_by, create_time, update_by, update_time, note) values (303009, 303, 'fieldRemove', '字段删除', 'HEADER_TOOLBAR', 9, '0', 'system', now(), null, null, null);
insert into sys_module_button (id, module_id, button_code, default_title, button_area, sort, status, create_by, create_time, update_by, update_time, note) values (303010, 303, 'buttonCreate', '按钮新增', 'HEADER_TOOLBAR', 10, '0', 'system', now(), null, null, null);
insert into sys_module_button (id, module_id, button_code, default_title, button_area, sort, status, create_by, create_time, update_by, update_time, note) values (303011, 303, 'buttonModify', '按钮修改', 'HEADER_TOOLBAR', 11, '0', 'system', now(), null, null, null);
insert into sys_module_button (id, module_id, button_code, default_title, button_area, sort, status, create_by, create_time, update_by, update_time, note) values (303012, 303, 'buttonRemove', '按钮删除', 'HEADER_TOOLBAR', 12, '0', 'system', now(), null, null, null);
insert into sys_module_button (id, module_id, button_code, default_title, button_area, sort, status, create_by, create_time, update_by, update_time, note) values (304001, 304, 'create', '新增', 'LIST_TOOLBAR', 1, '0', 'system', now(), null, null, null);
insert into sys_module_button (id, module_id, button_code, default_title, button_area, sort, status, create_by, create_time, update_by, update_time, note) values (304002, 304, 'modify', '修改', 'LIST_ROW_BUTTON', 2, '0', 'system', now(), null, null, null);
insert into sys_module_button (id, module_id, button_code, default_title, button_area, sort, status, create_by, create_time, update_by, update_time, note) values (304003, 304, 'remove', '删除', 'LIST_ROW_BUTTON', 3, '0', 'system', now(), null, null, null);
insert into sys_module_button (id, module_id, button_code, default_title, button_area, sort, status, create_by, create_time, update_by, update_time, note) values (304004, 304, 'userBind', '绑定员工', 'HEADER_TOOLBAR', 4, '0', 'system', now(), null, null, null);
insert into sys_module_button (id, module_id, button_code, default_title, button_area, sort, status, create_by, create_time, update_by, update_time, note) values (304005, 304, 'userUnbind', '解绑员工', 'HEADER_TOOLBAR', 5, '0', 'system', now(), null, null, null);
insert into sys_module_button (id, module_id, button_code, default_title, button_area, sort, status, create_by, create_time, update_by, update_time, note) values (305001, 305, 'save', '保存', 'HEADER_TOOLBAR', 1, '0', 'system', now(), null, null, null);
insert into sys_module_button (id, module_id, button_code, default_title, button_area, sort, status, create_by, create_time, update_by, update_time, note) values (306001, 306, 'save', '保存', 'HEADER_TOOLBAR', 1, '0', 'system', now(), null, null, null);
insert into sys_module_button (id, module_id, button_code, default_title, button_area, sort, status, create_by, create_time, update_by, update_time, note) values (307001, 307, 'save', '保存', 'HEADER_TOOLBAR', 1, '0', 'system', now(), null, null, null);
insert into sys_module_button (id, module_id, button_code, default_title, button_area, sort, status, create_by, create_time, update_by, update_time, note) values (308001, 308, 'create', '新增', 'LIST_TOOLBAR', 1, '0', 'system', now(), null, null, null);
insert into sys_module_button (id, module_id, button_code, default_title, button_area, sort, status, create_by, create_time, update_by, update_time, note) values (308002, 308, 'modify', '修改', 'LIST_ROW_BUTTON', 2, '0', 'system', now(), null, null, null);
insert into sys_module_button (id, module_id, button_code, default_title, button_area, sort, status, create_by, create_time, update_by, update_time, note) values (308003, 308, 'remove', '删除', 'LIST_ROW_BUTTON', 3, '0', 'system', now(), null, null, null);
insert into sys_module_button (id, module_id, button_code, default_title, button_area, sort, status, create_by, create_time, update_by, update_time, note) values (309001, 309, 'create', '新增', 'LIST_TOOLBAR', 1, '0', 'system', now(), null, null, null);
insert into sys_module_button (id, module_id, button_code, default_title, button_area, sort, status, create_by, create_time, update_by, update_time, note) values (309002, 309, 'modify', '修改', 'LIST_ROW_BUTTON', 2, '0', 'system', now(), null, null, null);
insert into sys_module_button (id, module_id, button_code, default_title, button_area, sort, status, create_by, create_time, update_by, update_time, note) values (309003, 309, 'remove', '删除', 'LIST_ROW_BUTTON', 3, '0', 'system', now(), null, null, null);
insert into sys_module_button (id, module_id, button_code, default_title, button_area, sort, status, create_by, create_time, update_by, update_time, note) values (309004, 309, 'refreshCache', '刷新缓存', 'HEADER_TOOLBAR', 4, '0', 'system', now(), null, null, null);

insert into sys_module_state (id, module_id, state_code, state_name, sort, is_initial, is_final, status, create_by, create_time, update_by, update_time, note) values (101101, 101, 'unaudited', '未审核', 1, '1', '0', '0', 'system', now(), null, null, null);
insert into sys_module_state (id, module_id, state_code, state_name, sort, is_initial, is_final, status, create_by, create_time, update_by, update_time, note) values (101102, 101, 'pre_audited', '待审核', 2, '0', '0', '0', 'system', now(), null, null, null);
insert into sys_module_state (id, module_id, state_code, state_name, sort, is_initial, is_final, status, create_by, create_time, update_by, update_time, note) values (101103, 101, 'audited', '已审核', 3, '0', '0', '0', 'system', now(), null, null, null);
insert into sys_module_state (id, module_id, state_code, state_name, sort, is_initial, is_final, status, create_by, create_time, update_by, update_time, note) values (101104, 101, 'shipped', '已发运', 4, '0', '0', '0', 'system', now(), null, null, null);
insert into sys_module_state (id, module_id, state_code, state_name, sort, is_initial, is_final, status, create_by, create_time, update_by, update_time, note) values (101105, 101, 'completed', '已完成', 5, '0', '1', '0', 'system', now(), null, null, null);

insert into sys_module_transition (id, module_id, action_button_code, from_state_code, to_state_code, sort, status, create_by, create_time, update_by, update_time, note) values (101201, 101, 'submit', 'unaudited', 'pre_audited', 1, '0', 'system', now(), null, null, null);
insert into sys_module_transition (id, module_id, action_button_code, from_state_code, to_state_code, sort, status, create_by, create_time, update_by, update_time, note) values (101202, 101, 'audit', 'pre_audited', 'audited', 2, '0', 'system', now(), null, null, null);
insert into sys_module_transition (id, module_id, action_button_code, from_state_code, to_state_code, sort, status, create_by, create_time, update_by, update_time, note) values (101203, 101, 'ship', 'audited', 'shipped', 3, '0', 'system', now(), null, null, null);
insert into sys_module_transition (id, module_id, action_button_code, from_state_code, to_state_code, sort, status, create_by, create_time, update_by, update_time, note) values (101204, 101, 'complete', 'shipped', 'completed', 4, '0', 'system', now(), null, null, null);

insert into sys_org_post_module_auth (id, org_post_id, module_id, module_visible, nav_visible, create_by, create_time, update_by, update_time, note) values (9301, 9101, 100, '1', '1', 'system', now(), null, null, '总公司 admin 岗位默认拥有采购目录权限');
insert into sys_org_post_module_auth (id, org_post_id, module_id, module_visible, nav_visible, create_by, create_time, update_by, update_time, note) values (9302, 9101, 101, '1', '1', 'system', now(), null, null, '总公司 admin 岗位默认拥有采购订单权限');
insert into sys_org_post_module_auth (id, org_post_id, module_id, module_visible, nav_visible, create_by, create_time, update_by, update_time, note) values (9303, 9101, 102, '1', '0', 'system', now(), null, null, '总公司 admin 岗位默认拥有采购订单新增路由权限');
insert into sys_org_post_module_auth (id, org_post_id, module_id, module_visible, nav_visible, create_by, create_time, update_by, update_time, note) values (9304, 9101, 103, '1', '0', 'system', now(), null, null, '总公司 admin 岗位默认拥有采购订单详情路由权限');
insert into sys_org_post_module_auth (id, org_post_id, module_id, module_visible, nav_visible, create_by, create_time, update_by, update_time, note) values (9305, 9101, 300, '1', '1', 'system', now(), null, null, '总公司 admin 岗位默认拥有系统目录权限');
insert into sys_org_post_module_auth (id, org_post_id, module_id, module_visible, nav_visible, create_by, create_time, update_by, update_time, note) values (9306, 9101, 301, '1', '1', 'system', now(), null, null, '总公司 admin 岗位默认拥有用户管理权限');
insert into sys_org_post_module_auth (id, org_post_id, module_id, module_visible, nav_visible, create_by, create_time, update_by, update_time, note) values (9307, 9101, 303, '1', '1', 'system', now(), null, null, '总公司 admin 岗位默认拥有模块管理权限');
insert into sys_org_post_module_auth (id, org_post_id, module_id, module_visible, nav_visible, create_by, create_time, update_by, update_time, note) values (9308, 9101, 304, '1', '1', 'system', now(), null, null, '总公司 admin 岗位默认拥有岗位管理权限');
insert into sys_org_post_module_auth (id, org_post_id, module_id, module_visible, nav_visible, create_by, create_time, update_by, update_time, note) values (9309, 9101, 305, '1', '1', 'system', now(), null, null, '总公司 admin 岗位默认拥有功能授权权限');
insert into sys_org_post_module_auth (id, org_post_id, module_id, module_visible, nav_visible, create_by, create_time, update_by, update_time, note) values (9310, 9101, 306, '1', '1', 'system', now(), null, null, '总公司 admin 岗位默认拥有字段标题权限');
insert into sys_org_post_module_auth (id, org_post_id, module_id, module_visible, nav_visible, create_by, create_time, update_by, update_time, note) values (9311, 9101, 307, '1', '1', 'system', now(), null, null, '总公司 admin 岗位默认拥有状态权限');
insert into sys_org_post_module_auth (id, org_post_id, module_id, module_visible, nav_visible, create_by, create_time, update_by, update_time, note) values (9312, 9101, 308, '1', '1', 'system', now(), null, null, '总公司 admin 岗位默认拥有字典管理权限');
insert into sys_org_post_module_auth (id, org_post_id, module_id, module_visible, nav_visible, create_by, create_time, update_by, update_time, note) values (9313, 9101, 309, '1', '1', 'system', now(), null, null, '总公司 admin 岗位默认拥有参数设置权限');
insert into sys_org_post_module_auth (id, org_post_id, module_id, module_visible, nav_visible, create_by, create_time, update_by, update_time, note) values (9314, 9101, 310, '1', '1', 'system', now(), null, null, '总公司 admin 岗位默认拥有日志目录权限');
insert into sys_org_post_module_auth (id, org_post_id, module_id, module_visible, nav_visible, create_by, create_time, update_by, update_time, note) values (9315, 9101, 311, '1', '1', 'system', now(), null, null, '总公司 admin 岗位默认拥有操作日志权限');
insert into sys_org_post_module_auth (id, org_post_id, module_id, module_visible, nav_visible, create_by, create_time, update_by, update_time, note) values (9316, 9101, 312, '1', '1', 'system', now(), null, null, '总公司 admin 岗位默认拥有登录日志权限');
insert into sys_org_post_module_auth (id, org_post_id, module_id, module_visible, nav_visible, create_by, create_time, update_by, update_time, note) values (9317, 9101, 313, '1', '0', 'system', now(), null, null, '总公司 admin 岗位默认拥有字典数据路由权限');

insert into sys_org_post_module_auth (id, org_post_id, module_id, module_visible, nav_visible, create_by, create_time, update_by, update_time, note) values (9318, 9103, 100, '1', '1', 'system', now(), null, null, '华东分公司 admin 岗位默认拥有采购目录权限');
insert into sys_org_post_module_auth (id, org_post_id, module_id, module_visible, nav_visible, create_by, create_time, update_by, update_time, note) values (9319, 9103, 101, '1', '1', 'system', now(), null, null, '华东分公司 admin 岗位默认拥有采购订单权限');
insert into sys_org_post_module_auth (id, org_post_id, module_id, module_visible, nav_visible, create_by, create_time, update_by, update_time, note) values (9320, 9103, 102, '1', '0', 'system', now(), null, null, '华东分公司 admin 岗位默认拥有采购订单新增路由权限');
insert into sys_org_post_module_auth (id, org_post_id, module_id, module_visible, nav_visible, create_by, create_time, update_by, update_time, note) values (9321, 9103, 103, '1', '0', 'system', now(), null, null, '华东分公司 admin 岗位默认拥有采购订单详情路由权限');
insert into sys_org_post_module_auth (id, org_post_id, module_id, module_visible, nav_visible, create_by, create_time, update_by, update_time, note) values (9322, 9103, 300, '1', '1', 'system', now(), null, null, '华东分公司 admin 岗位默认拥有系统目录权限');
insert into sys_org_post_module_auth (id, org_post_id, module_id, module_visible, nav_visible, create_by, create_time, update_by, update_time, note) values (9323, 9103, 301, '1', '1', 'system', now(), null, null, '华东分公司 admin 岗位默认拥有用户管理权限');
insert into sys_org_post_module_auth (id, org_post_id, module_id, module_visible, nav_visible, create_by, create_time, update_by, update_time, note) values (9324, 9103, 303, '1', '1', 'system', now(), null, null, '华东分公司 admin 岗位默认拥有模块管理权限');
insert into sys_org_post_module_auth (id, org_post_id, module_id, module_visible, nav_visible, create_by, create_time, update_by, update_time, note) values (9325, 9103, 304, '1', '1', 'system', now(), null, null, '华东分公司 admin 岗位默认拥有岗位管理权限');
insert into sys_org_post_module_auth (id, org_post_id, module_id, module_visible, nav_visible, create_by, create_time, update_by, update_time, note) values (9326, 9103, 305, '1', '1', 'system', now(), null, null, '华东分公司 admin 岗位默认拥有功能授权权限');
insert into sys_org_post_module_auth (id, org_post_id, module_id, module_visible, nav_visible, create_by, create_time, update_by, update_time, note) values (9327, 9103, 306, '1', '1', 'system', now(), null, null, '华东分公司 admin 岗位默认拥有字段标题权限');
insert into sys_org_post_module_auth (id, org_post_id, module_id, module_visible, nav_visible, create_by, create_time, update_by, update_time, note) values (9328, 9103, 307, '1', '1', 'system', now(), null, null, '华东分公司 admin 岗位默认拥有状态权限');
insert into sys_org_post_module_auth (id, org_post_id, module_id, module_visible, nav_visible, create_by, create_time, update_by, update_time, note) values (9329, 9103, 308, '1', '1', 'system', now(), null, null, '华东分公司 admin 岗位默认拥有字典管理权限');
insert into sys_org_post_module_auth (id, org_post_id, module_id, module_visible, nav_visible, create_by, create_time, update_by, update_time, note) values (9330, 9103, 309, '1', '1', 'system', now(), null, null, '华东分公司 admin 岗位默认拥有参数设置权限');
insert into sys_org_post_module_auth (id, org_post_id, module_id, module_visible, nav_visible, create_by, create_time, update_by, update_time, note) values (9331, 9103, 310, '1', '1', 'system', now(), null, null, '华东分公司 admin 岗位默认拥有日志目录权限');
insert into sys_org_post_module_auth (id, org_post_id, module_id, module_visible, nav_visible, create_by, create_time, update_by, update_time, note) values (9332, 9103, 311, '1', '1', 'system', now(), null, null, '华东分公司 admin 岗位默认拥有操作日志权限');
insert into sys_org_post_module_auth (id, org_post_id, module_id, module_visible, nav_visible, create_by, create_time, update_by, update_time, note) values (9333, 9103, 312, '1', '1', 'system', now(), null, null, '华东分公司 admin 岗位默认拥有登录日志权限');
insert into sys_org_post_module_auth (id, org_post_id, module_id, module_visible, nav_visible, create_by, create_time, update_by, update_time, note) values (9334, 9103, 313, '1', '0', 'system', now(), null, null, '华东分公司 admin 岗位默认拥有字典数据路由权限');

insert into sys_org_post_module_auth (id, org_post_id, module_id, module_visible, nav_visible, create_by, create_time, update_by, update_time, note) values (9335, 9105, 100, '1', '1', 'system', now(), null, null, '华南分公司 admin 岗位默认拥有采购目录权限');
insert into sys_org_post_module_auth (id, org_post_id, module_id, module_visible, nav_visible, create_by, create_time, update_by, update_time, note) values (9336, 9105, 101, '1', '1', 'system', now(), null, null, '华南分公司 admin 岗位默认拥有采购订单权限');
insert into sys_org_post_module_auth (id, org_post_id, module_id, module_visible, nav_visible, create_by, create_time, update_by, update_time, note) values (9337, 9105, 102, '1', '0', 'system', now(), null, null, '华南分公司 admin 岗位默认拥有采购订单新增路由权限');
insert into sys_org_post_module_auth (id, org_post_id, module_id, module_visible, nav_visible, create_by, create_time, update_by, update_time, note) values (9338, 9105, 103, '1', '0', 'system', now(), null, null, '华南分公司 admin 岗位默认拥有采购订单详情路由权限');
insert into sys_org_post_module_auth (id, org_post_id, module_id, module_visible, nav_visible, create_by, create_time, update_by, update_time, note) values (9339, 9105, 300, '1', '1', 'system', now(), null, null, '华南分公司 admin 岗位默认拥有系统目录权限');
insert into sys_org_post_module_auth (id, org_post_id, module_id, module_visible, nav_visible, create_by, create_time, update_by, update_time, note) values (9340, 9105, 301, '1', '1', 'system', now(), null, null, '华南分公司 admin 岗位默认拥有用户管理权限');
insert into sys_org_post_module_auth (id, org_post_id, module_id, module_visible, nav_visible, create_by, create_time, update_by, update_time, note) values (9341, 9105, 303, '1', '1', 'system', now(), null, null, '华南分公司 admin 岗位默认拥有模块管理权限');
insert into sys_org_post_module_auth (id, org_post_id, module_id, module_visible, nav_visible, create_by, create_time, update_by, update_time, note) values (9342, 9105, 304, '1', '1', 'system', now(), null, null, '华南分公司 admin 岗位默认拥有岗位管理权限');
insert into sys_org_post_module_auth (id, org_post_id, module_id, module_visible, nav_visible, create_by, create_time, update_by, update_time, note) values (9343, 9105, 305, '1', '1', 'system', now(), null, null, '华南分公司 admin 岗位默认拥有功能授权权限');
insert into sys_org_post_module_auth (id, org_post_id, module_id, module_visible, nav_visible, create_by, create_time, update_by, update_time, note) values (9344, 9105, 306, '1', '1', 'system', now(), null, null, '华南分公司 admin 岗位默认拥有字段标题权限');
insert into sys_org_post_module_auth (id, org_post_id, module_id, module_visible, nav_visible, create_by, create_time, update_by, update_time, note) values (9345, 9105, 307, '1', '1', 'system', now(), null, null, '华南分公司 admin 岗位默认拥有状态权限');
insert into sys_org_post_module_auth (id, org_post_id, module_id, module_visible, nav_visible, create_by, create_time, update_by, update_time, note) values (9346, 9105, 308, '1', '1', 'system', now(), null, null, '华南分公司 admin 岗位默认拥有字典管理权限');
insert into sys_org_post_module_auth (id, org_post_id, module_id, module_visible, nav_visible, create_by, create_time, update_by, update_time, note) values (9347, 9105, 309, '1', '1', 'system', now(), null, null, '华南分公司 admin 岗位默认拥有参数设置权限');
insert into sys_org_post_module_auth (id, org_post_id, module_id, module_visible, nav_visible, create_by, create_time, update_by, update_time, note) values (9348, 9105, 310, '1', '1', 'system', now(), null, null, '华南分公司 admin 岗位默认拥有日志目录权限');
insert into sys_org_post_module_auth (id, org_post_id, module_id, module_visible, nav_visible, create_by, create_time, update_by, update_time, note) values (9349, 9105, 311, '1', '1', 'system', now(), null, null, '华南分公司 admin 岗位默认拥有操作日志权限');
insert into sys_org_post_module_auth (id, org_post_id, module_id, module_visible, nav_visible, create_by, create_time, update_by, update_time, note) values (9350, 9105, 312, '1', '1', 'system', now(), null, null, '华南分公司 admin 岗位默认拥有登录日志权限');
insert into sys_org_post_module_auth (id, org_post_id, module_id, module_visible, nav_visible, create_by, create_time, update_by, update_time, note) values (9351, 9105, 313, '1', '0', 'system', now(), null, null, '华南分公司 admin 岗位默认拥有字典数据路由权限');

insert into sys_org_post_module_auth (id, org_post_id, module_id, module_visible, nav_visible, create_by, create_time, update_by, update_time, note) values (9352, 9107, 100, '1', '1', 'system', now(), null, null, '华北分公司 admin 岗位默认拥有采购目录权限');
insert into sys_org_post_module_auth (id, org_post_id, module_id, module_visible, nav_visible, create_by, create_time, update_by, update_time, note) values (9353, 9107, 101, '1', '1', 'system', now(), null, null, '华北分公司 admin 岗位默认拥有采购订单权限');
insert into sys_org_post_module_auth (id, org_post_id, module_id, module_visible, nav_visible, create_by, create_time, update_by, update_time, note) values (9354, 9107, 102, '1', '0', 'system', now(), null, null, '华北分公司 admin 岗位默认拥有采购订单新增路由权限');
insert into sys_org_post_module_auth (id, org_post_id, module_id, module_visible, nav_visible, create_by, create_time, update_by, update_time, note) values (9355, 9107, 103, '1', '0', 'system', now(), null, null, '华北分公司 admin 岗位默认拥有采购订单详情路由权限');
insert into sys_org_post_module_auth (id, org_post_id, module_id, module_visible, nav_visible, create_by, create_time, update_by, update_time, note) values (9356, 9107, 300, '1', '1', 'system', now(), null, null, '华北分公司 admin 岗位默认拥有系统目录权限');
insert into sys_org_post_module_auth (id, org_post_id, module_id, module_visible, nav_visible, create_by, create_time, update_by, update_time, note) values (9357, 9107, 301, '1', '1', 'system', now(), null, null, '华北分公司 admin 岗位默认拥有用户管理权限');
insert into sys_org_post_module_auth (id, org_post_id, module_id, module_visible, nav_visible, create_by, create_time, update_by, update_time, note) values (9358, 9107, 303, '1', '1', 'system', now(), null, null, '华北分公司 admin 岗位默认拥有模块管理权限');
insert into sys_org_post_module_auth (id, org_post_id, module_id, module_visible, nav_visible, create_by, create_time, update_by, update_time, note) values (9359, 9107, 304, '1', '1', 'system', now(), null, null, '华北分公司 admin 岗位默认拥有岗位管理权限');
insert into sys_org_post_module_auth (id, org_post_id, module_id, module_visible, nav_visible, create_by, create_time, update_by, update_time, note) values (9360, 9107, 305, '1', '1', 'system', now(), null, null, '华北分公司 admin 岗位默认拥有功能授权权限');
insert into sys_org_post_module_auth (id, org_post_id, module_id, module_visible, nav_visible, create_by, create_time, update_by, update_time, note) values (9361, 9107, 306, '1', '1', 'system', now(), null, null, '华北分公司 admin 岗位默认拥有字段标题权限');
insert into sys_org_post_module_auth (id, org_post_id, module_id, module_visible, nav_visible, create_by, create_time, update_by, update_time, note) values (9362, 9107, 307, '1', '1', 'system', now(), null, null, '华北分公司 admin 岗位默认拥有状态权限');
insert into sys_org_post_module_auth (id, org_post_id, module_id, module_visible, nav_visible, create_by, create_time, update_by, update_time, note) values (9363, 9107, 308, '1', '1', 'system', now(), null, null, '华北分公司 admin 岗位默认拥有字典管理权限');
insert into sys_org_post_module_auth (id, org_post_id, module_id, module_visible, nav_visible, create_by, create_time, update_by, update_time, note) values (9364, 9107, 309, '1', '1', 'system', now(), null, null, '华北分公司 admin 岗位默认拥有参数设置权限');
insert into sys_org_post_module_auth (id, org_post_id, module_id, module_visible, nav_visible, create_by, create_time, update_by, update_time, note) values (9365, 9107, 310, '1', '1', 'system', now(), null, null, '华北分公司 admin 岗位默认拥有日志目录权限');
insert into sys_org_post_module_auth (id, org_post_id, module_id, module_visible, nav_visible, create_by, create_time, update_by, update_time, note) values (9366, 9107, 311, '1', '1', 'system', now(), null, null, '华北分公司 admin 岗位默认拥有操作日志权限');
insert into sys_org_post_module_auth (id, org_post_id, module_id, module_visible, nav_visible, create_by, create_time, update_by, update_time, note) values (9367, 9107, 312, '1', '1', 'system', now(), null, null, '华北分公司 admin 岗位默认拥有登录日志权限');
insert into sys_org_post_module_auth (id, org_post_id, module_id, module_visible, nav_visible, create_by, create_time, update_by, update_time, note) values (9368, 9107, 313, '1', '0', 'system', now(), null, null, '华北分公司 admin 岗位默认拥有字典数据路由权限');

insert into sys_org_post_field_auth (id, org_post_id, module_id, field_id, permission_level, create_by, create_time, update_by, update_time, note) values (9401, 9101, 101, 1010101, 2, 'system', now(), null, null, null);
insert into sys_org_post_field_auth (id, org_post_id, module_id, field_id, permission_level, create_by, create_time, update_by, update_time, note) values (9402, 9101, 101, 1010102, 2, 'system', now(), null, null, null);
insert into sys_org_post_field_auth (id, org_post_id, module_id, field_id, permission_level, create_by, create_time, update_by, update_time, note) values (9403, 9101, 101, 1010103, 2, 'system', now(), null, null, null);
insert into sys_org_post_field_auth (id, org_post_id, module_id, field_id, permission_level, create_by, create_time, update_by, update_time, note) values (9404, 9101, 101, 1010104, 2, 'system', now(), null, null, null);
insert into sys_org_post_field_auth (id, org_post_id, module_id, field_id, permission_level, create_by, create_time, update_by, update_time, note) values (9405, 9101, 101, 1010301, 2, 'system', now(), null, null, null);
insert into sys_org_post_field_auth (id, org_post_id, module_id, field_id, permission_level, create_by, create_time, update_by, update_time, note) values (9406, 9101, 101, 1010302, 2, 'system', now(), null, null, null);
insert into sys_org_post_field_auth (id, org_post_id, module_id, field_id, permission_level, create_by, create_time, update_by, update_time, note) values (9407, 9101, 101, 1010303, 2, 'system', now(), null, null, null);
insert into sys_org_post_field_auth (id, org_post_id, module_id, field_id, permission_level, create_by, create_time, update_by, update_time, note) values (9408, 9101, 101, 1010201, 2, 'system', now(), null, null, null);
insert into sys_org_post_field_auth (id, org_post_id, module_id, field_id, permission_level, create_by, create_time, update_by, update_time, note) values (9409, 9101, 101, 1010202, 2, 'system', now(), null, null, null);
insert into sys_org_post_field_auth (id, org_post_id, module_id, field_id, permission_level, create_by, create_time, update_by, update_time, note) values (9410, 9101, 101, 1010203, 2, 'system', now(), null, null, null);
insert into sys_org_post_field_auth (id, org_post_id, module_id, field_id, permission_level, create_by, create_time, update_by, update_time, note) values (9411, 9101, 101, 1010204, 2, 'system', now(), null, null, null);
insert into sys_org_post_field_auth (id, org_post_id, module_id, field_id, permission_level, create_by, create_time, update_by, update_time, note) values (9412, 9103, 101, 1010101, 2, 'system', now(), null, null, null);
insert into sys_org_post_field_auth (id, org_post_id, module_id, field_id, permission_level, create_by, create_time, update_by, update_time, note) values (9413, 9103, 101, 1010102, 2, 'system', now(), null, null, null);
insert into sys_org_post_field_auth (id, org_post_id, module_id, field_id, permission_level, create_by, create_time, update_by, update_time, note) values (9414, 9103, 101, 1010103, 2, 'system', now(), null, null, null);
insert into sys_org_post_field_auth (id, org_post_id, module_id, field_id, permission_level, create_by, create_time, update_by, update_time, note) values (9415, 9103, 101, 1010104, 2, 'system', now(), null, null, null);
insert into sys_org_post_field_auth (id, org_post_id, module_id, field_id, permission_level, create_by, create_time, update_by, update_time, note) values (9416, 9103, 101, 1010301, 2, 'system', now(), null, null, null);
insert into sys_org_post_field_auth (id, org_post_id, module_id, field_id, permission_level, create_by, create_time, update_by, update_time, note) values (9417, 9103, 101, 1010302, 2, 'system', now(), null, null, null);
insert into sys_org_post_field_auth (id, org_post_id, module_id, field_id, permission_level, create_by, create_time, update_by, update_time, note) values (9418, 9103, 101, 1010303, 2, 'system', now(), null, null, null);
insert into sys_org_post_field_auth (id, org_post_id, module_id, field_id, permission_level, create_by, create_time, update_by, update_time, note) values (9419, 9103, 101, 1010201, 2, 'system', now(), null, null, null);
insert into sys_org_post_field_auth (id, org_post_id, module_id, field_id, permission_level, create_by, create_time, update_by, update_time, note) values (9420, 9103, 101, 1010202, 2, 'system', now(), null, null, null);
insert into sys_org_post_field_auth (id, org_post_id, module_id, field_id, permission_level, create_by, create_time, update_by, update_time, note) values (9421, 9103, 101, 1010203, 2, 'system', now(), null, null, null);
insert into sys_org_post_field_auth (id, org_post_id, module_id, field_id, permission_level, create_by, create_time, update_by, update_time, note) values (9422, 9103, 101, 1010204, 2, 'system', now(), null, null, null);

insert into sys_org_post_field_auth (id, org_post_id, module_id, field_id, permission_level, create_by, create_time, update_by, update_time, note) values (9423, 9105, 101, 1010101, 2, 'system', now(), null, null, null);
insert into sys_org_post_field_auth (id, org_post_id, module_id, field_id, permission_level, create_by, create_time, update_by, update_time, note) values (9424, 9105, 101, 1010102, 2, 'system', now(), null, null, null);
insert into sys_org_post_field_auth (id, org_post_id, module_id, field_id, permission_level, create_by, create_time, update_by, update_time, note) values (9425, 9105, 101, 1010103, 2, 'system', now(), null, null, null);
insert into sys_org_post_field_auth (id, org_post_id, module_id, field_id, permission_level, create_by, create_time, update_by, update_time, note) values (9426, 9105, 101, 1010104, 2, 'system', now(), null, null, null);
insert into sys_org_post_field_auth (id, org_post_id, module_id, field_id, permission_level, create_by, create_time, update_by, update_time, note) values (9427, 9105, 101, 1010301, 2, 'system', now(), null, null, null);
insert into sys_org_post_field_auth (id, org_post_id, module_id, field_id, permission_level, create_by, create_time, update_by, update_time, note) values (9428, 9105, 101, 1010302, 2, 'system', now(), null, null, null);
insert into sys_org_post_field_auth (id, org_post_id, module_id, field_id, permission_level, create_by, create_time, update_by, update_time, note) values (9429, 9105, 101, 1010303, 2, 'system', now(), null, null, null);
insert into sys_org_post_field_auth (id, org_post_id, module_id, field_id, permission_level, create_by, create_time, update_by, update_time, note) values (9430, 9105, 101, 1010201, 2, 'system', now(), null, null, null);
insert into sys_org_post_field_auth (id, org_post_id, module_id, field_id, permission_level, create_by, create_time, update_by, update_time, note) values (9431, 9105, 101, 1010202, 2, 'system', now(), null, null, null);
insert into sys_org_post_field_auth (id, org_post_id, module_id, field_id, permission_level, create_by, create_time, update_by, update_time, note) values (9432, 9105, 101, 1010203, 2, 'system', now(), null, null, null);
insert into sys_org_post_field_auth (id, org_post_id, module_id, field_id, permission_level, create_by, create_time, update_by, update_time, note) values (9433, 9105, 101, 1010204, 2, 'system', now(), null, null, null);

insert into sys_org_post_field_auth (id, org_post_id, module_id, field_id, permission_level, create_by, create_time, update_by, update_time, note) values (9434, 9107, 101, 1010101, 2, 'system', now(), null, null, null);
insert into sys_org_post_field_auth (id, org_post_id, module_id, field_id, permission_level, create_by, create_time, update_by, update_time, note) values (9435, 9107, 101, 1010102, 2, 'system', now(), null, null, null);
insert into sys_org_post_field_auth (id, org_post_id, module_id, field_id, permission_level, create_by, create_time, update_by, update_time, note) values (9436, 9107, 101, 1010103, 2, 'system', now(), null, null, null);
insert into sys_org_post_field_auth (id, org_post_id, module_id, field_id, permission_level, create_by, create_time, update_by, update_time, note) values (9437, 9107, 101, 1010104, 2, 'system', now(), null, null, null);
insert into sys_org_post_field_auth (id, org_post_id, module_id, field_id, permission_level, create_by, create_time, update_by, update_time, note) values (9438, 9107, 101, 1010301, 2, 'system', now(), null, null, null);
insert into sys_org_post_field_auth (id, org_post_id, module_id, field_id, permission_level, create_by, create_time, update_by, update_time, note) values (9439, 9107, 101, 1010302, 2, 'system', now(), null, null, null);
insert into sys_org_post_field_auth (id, org_post_id, module_id, field_id, permission_level, create_by, create_time, update_by, update_time, note) values (9440, 9107, 101, 1010303, 2, 'system', now(), null, null, null);
insert into sys_org_post_field_auth (id, org_post_id, module_id, field_id, permission_level, create_by, create_time, update_by, update_time, note) values (9441, 9107, 101, 1010201, 2, 'system', now(), null, null, null);
insert into sys_org_post_field_auth (id, org_post_id, module_id, field_id, permission_level, create_by, create_time, update_by, update_time, note) values (9442, 9107, 101, 1010202, 2, 'system', now(), null, null, null);
insert into sys_org_post_field_auth (id, org_post_id, module_id, field_id, permission_level, create_by, create_time, update_by, update_time, note) values (9443, 9107, 101, 1010203, 2, 'system', now(), null, null, null);
insert into sys_org_post_field_auth (id, org_post_id, module_id, field_id, permission_level, create_by, create_time, update_by, update_time, note) values (9444, 9107, 101, 1010204, 2, 'system', now(), null, null, null);

insert into sys_org_post_button_auth (id, org_post_id, module_id, button_id, permission_level, create_by, create_time, update_by, update_time, note) values (9501, 9101, 101, 101001, 2, 'system', now(), null, null, null);
insert into sys_org_post_button_auth (id, org_post_id, module_id, button_id, permission_level, create_by, create_time, update_by, update_time, note) values (9502, 9101, 101, 101002, 2, 'system', now(), null, null, null);
insert into sys_org_post_button_auth (id, org_post_id, module_id, button_id, permission_level, create_by, create_time, update_by, update_time, note) values (9503, 9101, 101, 101003, 2, 'system', now(), null, null, null);
insert into sys_org_post_button_auth (id, org_post_id, module_id, button_id, permission_level, create_by, create_time, update_by, update_time, note) values (9504, 9101, 101, 101004, 2, 'system', now(), null, null, null);
insert into sys_org_post_button_auth (id, org_post_id, module_id, button_id, permission_level, create_by, create_time, update_by, update_time, note) values (9505, 9101, 101, 101005, 2, 'system', now(), null, null, null);
insert into sys_org_post_button_auth (id, org_post_id, module_id, button_id, permission_level, create_by, create_time, update_by, update_time, note) values (9506, 9101, 101, 101006, 2, 'system', now(), null, null, null);
insert into sys_org_post_button_auth (id, org_post_id, module_id, button_id, permission_level, create_by, create_time, update_by, update_time, note) values (9507, 9101, 101, 101007, 2, 'system', now(), null, null, null);
insert into sys_org_post_button_auth (id, org_post_id, module_id, button_id, permission_level, create_by, create_time, update_by, update_time, note) values (9508, 9101, 101, 101008, 2, 'system', now(), null, null, null);
insert into sys_org_post_button_auth (id, org_post_id, module_id, button_id, permission_level, create_by, create_time, update_by, update_time, note) values (9509, 9101, 101, 101009, 2, 'system', now(), null, null, null);
insert into sys_org_post_button_auth (id, org_post_id, module_id, button_id, permission_level, create_by, create_time, update_by, update_time, note) values (9510, 9101, 101, 101010, 2, 'system', now(), null, null, null);
insert into sys_org_post_button_auth (id, org_post_id, module_id, button_id, permission_level, create_by, create_time, update_by, update_time, note) values (9511, 9101, 101, 101011, 2, 'system', now(), null, null, null);
insert into sys_org_post_button_auth (id, org_post_id, module_id, button_id, permission_level, create_by, create_time, update_by, update_time, note) values (9512, 9101, 301, 301001, 2, 'system', now(), null, null, null);
insert into sys_org_post_button_auth (id, org_post_id, module_id, button_id, permission_level, create_by, create_time, update_by, update_time, note) values (9513, 9101, 301, 301002, 2, 'system', now(), null, null, null);
insert into sys_org_post_button_auth (id, org_post_id, module_id, button_id, permission_level, create_by, create_time, update_by, update_time, note) values (9514, 9101, 301, 301003, 2, 'system', now(), null, null, null);
insert into sys_org_post_button_auth (id, org_post_id, module_id, button_id, permission_level, create_by, create_time, update_by, update_time, note) values (9515, 9101, 303, 303001, 2, 'system', now(), null, null, null);
insert into sys_org_post_button_auth (id, org_post_id, module_id, button_id, permission_level, create_by, create_time, update_by, update_time, note) values (9516, 9101, 303, 303002, 2, 'system', now(), null, null, null);
insert into sys_org_post_button_auth (id, org_post_id, module_id, button_id, permission_level, create_by, create_time, update_by, update_time, note) values (9517, 9101, 303, 303003, 2, 'system', now(), null, null, null);
insert into sys_org_post_button_auth (id, org_post_id, module_id, button_id, permission_level, create_by, create_time, update_by, update_time, note) values (9518, 9101, 303, 303004, 2, 'system', now(), null, null, null);
insert into sys_org_post_button_auth (id, org_post_id, module_id, button_id, permission_level, create_by, create_time, update_by, update_time, note) values (9519, 9101, 303, 303005, 2, 'system', now(), null, null, null);
insert into sys_org_post_button_auth (id, org_post_id, module_id, button_id, permission_level, create_by, create_time, update_by, update_time, note) values (9520, 9101, 303, 303006, 2, 'system', now(), null, null, null);
insert into sys_org_post_button_auth (id, org_post_id, module_id, button_id, permission_level, create_by, create_time, update_by, update_time, note) values (9521, 9101, 303, 303007, 2, 'system', now(), null, null, null);
insert into sys_org_post_button_auth (id, org_post_id, module_id, button_id, permission_level, create_by, create_time, update_by, update_time, note) values (9522, 9101, 303, 303008, 2, 'system', now(), null, null, null);
insert into sys_org_post_button_auth (id, org_post_id, module_id, button_id, permission_level, create_by, create_time, update_by, update_time, note) values (9523, 9101, 303, 303009, 2, 'system', now(), null, null, null);
insert into sys_org_post_button_auth (id, org_post_id, module_id, button_id, permission_level, create_by, create_time, update_by, update_time, note) values (9524, 9101, 303, 303010, 2, 'system', now(), null, null, null);
insert into sys_org_post_button_auth (id, org_post_id, module_id, button_id, permission_level, create_by, create_time, update_by, update_time, note) values (9525, 9101, 303, 303011, 2, 'system', now(), null, null, null);
insert into sys_org_post_button_auth (id, org_post_id, module_id, button_id, permission_level, create_by, create_time, update_by, update_time, note) values (9526, 9101, 303, 303012, 2, 'system', now(), null, null, null);
insert into sys_org_post_button_auth (id, org_post_id, module_id, button_id, permission_level, create_by, create_time, update_by, update_time, note) values (9527, 9101, 304, 304001, 2, 'system', now(), null, null, null);
insert into sys_org_post_button_auth (id, org_post_id, module_id, button_id, permission_level, create_by, create_time, update_by, update_time, note) values (9528, 9101, 304, 304002, 2, 'system', now(), null, null, null);
insert into sys_org_post_button_auth (id, org_post_id, module_id, button_id, permission_level, create_by, create_time, update_by, update_time, note) values (9529, 9101, 304, 304003, 2, 'system', now(), null, null, null);
insert into sys_org_post_button_auth (id, org_post_id, module_id, button_id, permission_level, create_by, create_time, update_by, update_time, note) values (9530, 9101, 304, 304004, 2, 'system', now(), null, null, null);
insert into sys_org_post_button_auth (id, org_post_id, module_id, button_id, permission_level, create_by, create_time, update_by, update_time, note) values (9531, 9101, 304, 304005, 2, 'system', now(), null, null, null);
insert into sys_org_post_button_auth (id, org_post_id, module_id, button_id, permission_level, create_by, create_time, update_by, update_time, note) values (9532, 9101, 305, 305001, 2, 'system', now(), null, null, null);
insert into sys_org_post_button_auth (id, org_post_id, module_id, button_id, permission_level, create_by, create_time, update_by, update_time, note) values (9533, 9101, 306, 306001, 2, 'system', now(), null, null, null);
insert into sys_org_post_button_auth (id, org_post_id, module_id, button_id, permission_level, create_by, create_time, update_by, update_time, note) values (9534, 9101, 307, 307001, 2, 'system', now(), null, null, null);
insert into sys_org_post_button_auth (id, org_post_id, module_id, button_id, permission_level, create_by, create_time, update_by, update_time, note) values (9535, 9101, 308, 308001, 2, 'system', now(), null, null, null);
insert into sys_org_post_button_auth (id, org_post_id, module_id, button_id, permission_level, create_by, create_time, update_by, update_time, note) values (9536, 9101, 308, 308002, 2, 'system', now(), null, null, null);
insert into sys_org_post_button_auth (id, org_post_id, module_id, button_id, permission_level, create_by, create_time, update_by, update_time, note) values (9537, 9101, 308, 308003, 2, 'system', now(), null, null, null);
insert into sys_org_post_button_auth (id, org_post_id, module_id, button_id, permission_level, create_by, create_time, update_by, update_time, note) values (9538, 9101, 309, 309001, 2, 'system', now(), null, null, null);
insert into sys_org_post_button_auth (id, org_post_id, module_id, button_id, permission_level, create_by, create_time, update_by, update_time, note) values (9539, 9101, 309, 309002, 2, 'system', now(), null, null, null);
insert into sys_org_post_button_auth (id, org_post_id, module_id, button_id, permission_level, create_by, create_time, update_by, update_time, note) values (9540, 9101, 309, 309003, 2, 'system', now(), null, null, null);
insert into sys_org_post_button_auth (id, org_post_id, module_id, button_id, permission_level, create_by, create_time, update_by, update_time, note) values (9541, 9101, 309, 309004, 2, 'system', now(), null, null, null);

insert into sys_org_post_button_auth (id, org_post_id, module_id, button_id, permission_level, create_by, create_time, update_by, update_time, note) values (9542, 9103, 101, 101001, 2, 'system', now(), null, null, null);
insert into sys_org_post_button_auth (id, org_post_id, module_id, button_id, permission_level, create_by, create_time, update_by, update_time, note) values (9543, 9103, 101, 101002, 2, 'system', now(), null, null, null);
insert into sys_org_post_button_auth (id, org_post_id, module_id, button_id, permission_level, create_by, create_time, update_by, update_time, note) values (9544, 9103, 101, 101003, 2, 'system', now(), null, null, null);
insert into sys_org_post_button_auth (id, org_post_id, module_id, button_id, permission_level, create_by, create_time, update_by, update_time, note) values (9545, 9103, 101, 101004, 2, 'system', now(), null, null, null);
insert into sys_org_post_button_auth (id, org_post_id, module_id, button_id, permission_level, create_by, create_time, update_by, update_time, note) values (9546, 9103, 101, 101005, 2, 'system', now(), null, null, null);
insert into sys_org_post_button_auth (id, org_post_id, module_id, button_id, permission_level, create_by, create_time, update_by, update_time, note) values (9547, 9103, 101, 101006, 2, 'system', now(), null, null, null);
insert into sys_org_post_button_auth (id, org_post_id, module_id, button_id, permission_level, create_by, create_time, update_by, update_time, note) values (9548, 9103, 101, 101007, 2, 'system', now(), null, null, null);
insert into sys_org_post_button_auth (id, org_post_id, module_id, button_id, permission_level, create_by, create_time, update_by, update_time, note) values (9549, 9103, 101, 101008, 2, 'system', now(), null, null, null);
insert into sys_org_post_button_auth (id, org_post_id, module_id, button_id, permission_level, create_by, create_time, update_by, update_time, note) values (9550, 9103, 101, 101009, 2, 'system', now(), null, null, null);
insert into sys_org_post_button_auth (id, org_post_id, module_id, button_id, permission_level, create_by, create_time, update_by, update_time, note) values (9551, 9103, 101, 101010, 2, 'system', now(), null, null, null);
insert into sys_org_post_button_auth (id, org_post_id, module_id, button_id, permission_level, create_by, create_time, update_by, update_time, note) values (9552, 9103, 101, 101011, 2, 'system', now(), null, null, null);
insert into sys_org_post_button_auth (id, org_post_id, module_id, button_id, permission_level, create_by, create_time, update_by, update_time, note) values (9553, 9103, 301, 301001, 2, 'system', now(), null, null, null);
insert into sys_org_post_button_auth (id, org_post_id, module_id, button_id, permission_level, create_by, create_time, update_by, update_time, note) values (9554, 9103, 301, 301002, 2, 'system', now(), null, null, null);
insert into sys_org_post_button_auth (id, org_post_id, module_id, button_id, permission_level, create_by, create_time, update_by, update_time, note) values (9555, 9103, 301, 301003, 2, 'system', now(), null, null, null);
insert into sys_org_post_button_auth (id, org_post_id, module_id, button_id, permission_level, create_by, create_time, update_by, update_time, note) values (9556, 9103, 303, 303001, 2, 'system', now(), null, null, null);
insert into sys_org_post_button_auth (id, org_post_id, module_id, button_id, permission_level, create_by, create_time, update_by, update_time, note) values (9557, 9103, 303, 303002, 2, 'system', now(), null, null, null);
insert into sys_org_post_button_auth (id, org_post_id, module_id, button_id, permission_level, create_by, create_time, update_by, update_time, note) values (9558, 9103, 303, 303003, 2, 'system', now(), null, null, null);
insert into sys_org_post_button_auth (id, org_post_id, module_id, button_id, permission_level, create_by, create_time, update_by, update_time, note) values (9559, 9103, 303, 303004, 2, 'system', now(), null, null, null);
insert into sys_org_post_button_auth (id, org_post_id, module_id, button_id, permission_level, create_by, create_time, update_by, update_time, note) values (9560, 9103, 303, 303005, 2, 'system', now(), null, null, null);
insert into sys_org_post_button_auth (id, org_post_id, module_id, button_id, permission_level, create_by, create_time, update_by, update_time, note) values (9561, 9103, 303, 303006, 2, 'system', now(), null, null, null);
insert into sys_org_post_button_auth (id, org_post_id, module_id, button_id, permission_level, create_by, create_time, update_by, update_time, note) values (9562, 9103, 303, 303007, 2, 'system', now(), null, null, null);
insert into sys_org_post_button_auth (id, org_post_id, module_id, button_id, permission_level, create_by, create_time, update_by, update_time, note) values (9563, 9103, 303, 303008, 2, 'system', now(), null, null, null);
insert into sys_org_post_button_auth (id, org_post_id, module_id, button_id, permission_level, create_by, create_time, update_by, update_time, note) values (9564, 9103, 303, 303009, 2, 'system', now(), null, null, null);
insert into sys_org_post_button_auth (id, org_post_id, module_id, button_id, permission_level, create_by, create_time, update_by, update_time, note) values (9565, 9103, 303, 303010, 2, 'system', now(), null, null, null);
insert into sys_org_post_button_auth (id, org_post_id, module_id, button_id, permission_level, create_by, create_time, update_by, update_time, note) values (9566, 9103, 303, 303011, 2, 'system', now(), null, null, null);
insert into sys_org_post_button_auth (id, org_post_id, module_id, button_id, permission_level, create_by, create_time, update_by, update_time, note) values (9567, 9103, 303, 303012, 2, 'system', now(), null, null, null);
insert into sys_org_post_button_auth (id, org_post_id, module_id, button_id, permission_level, create_by, create_time, update_by, update_time, note) values (9568, 9103, 304, 304001, 2, 'system', now(), null, null, null);
insert into sys_org_post_button_auth (id, org_post_id, module_id, button_id, permission_level, create_by, create_time, update_by, update_time, note) values (9569, 9103, 304, 304002, 2, 'system', now(), null, null, null);
insert into sys_org_post_button_auth (id, org_post_id, module_id, button_id, permission_level, create_by, create_time, update_by, update_time, note) values (9570, 9103, 304, 304003, 2, 'system', now(), null, null, null);
insert into sys_org_post_button_auth (id, org_post_id, module_id, button_id, permission_level, create_by, create_time, update_by, update_time, note) values (9571, 9103, 304, 304004, 2, 'system', now(), null, null, null);
insert into sys_org_post_button_auth (id, org_post_id, module_id, button_id, permission_level, create_by, create_time, update_by, update_time, note) values (9572, 9103, 304, 304005, 2, 'system', now(), null, null, null);
insert into sys_org_post_button_auth (id, org_post_id, module_id, button_id, permission_level, create_by, create_time, update_by, update_time, note) values (9573, 9103, 305, 305001, 2, 'system', now(), null, null, null);
insert into sys_org_post_button_auth (id, org_post_id, module_id, button_id, permission_level, create_by, create_time, update_by, update_time, note) values (9574, 9103, 306, 306001, 2, 'system', now(), null, null, null);
insert into sys_org_post_button_auth (id, org_post_id, module_id, button_id, permission_level, create_by, create_time, update_by, update_time, note) values (9575, 9103, 307, 307001, 2, 'system', now(), null, null, null);
insert into sys_org_post_button_auth (id, org_post_id, module_id, button_id, permission_level, create_by, create_time, update_by, update_time, note) values (9576, 9103, 308, 308001, 2, 'system', now(), null, null, null);
insert into sys_org_post_button_auth (id, org_post_id, module_id, button_id, permission_level, create_by, create_time, update_by, update_time, note) values (9577, 9103, 308, 308002, 2, 'system', now(), null, null, null);
insert into sys_org_post_button_auth (id, org_post_id, module_id, button_id, permission_level, create_by, create_time, update_by, update_time, note) values (9578, 9103, 308, 308003, 2, 'system', now(), null, null, null);
insert into sys_org_post_button_auth (id, org_post_id, module_id, button_id, permission_level, create_by, create_time, update_by, update_time, note) values (9579, 9103, 309, 309001, 2, 'system', now(), null, null, null);
insert into sys_org_post_button_auth (id, org_post_id, module_id, button_id, permission_level, create_by, create_time, update_by, update_time, note) values (9580, 9103, 309, 309002, 2, 'system', now(), null, null, null);
insert into sys_org_post_button_auth (id, org_post_id, module_id, button_id, permission_level, create_by, create_time, update_by, update_time, note) values (9581, 9103, 309, 309003, 2, 'system', now(), null, null, null);
insert into sys_org_post_button_auth (id, org_post_id, module_id, button_id, permission_level, create_by, create_time, update_by, update_time, note) values (9582, 9103, 309, 309004, 2, 'system', now(), null, null, null);
insert into sys_org_post_button_auth (id, org_post_id, module_id, button_id, permission_level, create_by, create_time, update_by, update_time, note) values (9583, 9105, 101, 101001, 2, 'system', now(), null, null, null);
insert into sys_org_post_button_auth (id, org_post_id, module_id, button_id, permission_level, create_by, create_time, update_by, update_time, note) values (9584, 9105, 101, 101002, 2, 'system', now(), null, null, null);
insert into sys_org_post_button_auth (id, org_post_id, module_id, button_id, permission_level, create_by, create_time, update_by, update_time, note) values (9585, 9105, 101, 101003, 2, 'system', now(), null, null, null);
insert into sys_org_post_button_auth (id, org_post_id, module_id, button_id, permission_level, create_by, create_time, update_by, update_time, note) values (9586, 9105, 101, 101004, 2, 'system', now(), null, null, null);
insert into sys_org_post_button_auth (id, org_post_id, module_id, button_id, permission_level, create_by, create_time, update_by, update_time, note) values (9587, 9105, 101, 101005, 2, 'system', now(), null, null, null);
insert into sys_org_post_button_auth (id, org_post_id, module_id, button_id, permission_level, create_by, create_time, update_by, update_time, note) values (9588, 9105, 101, 101006, 2, 'system', now(), null, null, null);
insert into sys_org_post_button_auth (id, org_post_id, module_id, button_id, permission_level, create_by, create_time, update_by, update_time, note) values (9589, 9105, 101, 101007, 2, 'system', now(), null, null, null);
insert into sys_org_post_button_auth (id, org_post_id, module_id, button_id, permission_level, create_by, create_time, update_by, update_time, note) values (9590, 9105, 101, 101008, 2, 'system', now(), null, null, null);
insert into sys_org_post_button_auth (id, org_post_id, module_id, button_id, permission_level, create_by, create_time, update_by, update_time, note) values (9591, 9105, 101, 101009, 2, 'system', now(), null, null, null);
insert into sys_org_post_button_auth (id, org_post_id, module_id, button_id, permission_level, create_by, create_time, update_by, update_time, note) values (9592, 9105, 101, 101010, 2, 'system', now(), null, null, null);
insert into sys_org_post_button_auth (id, org_post_id, module_id, button_id, permission_level, create_by, create_time, update_by, update_time, note) values (9593, 9105, 101, 101011, 2, 'system', now(), null, null, null);
insert into sys_org_post_button_auth (id, org_post_id, module_id, button_id, permission_level, create_by, create_time, update_by, update_time, note) values (9594, 9105, 301, 301001, 2, 'system', now(), null, null, null);
insert into sys_org_post_button_auth (id, org_post_id, module_id, button_id, permission_level, create_by, create_time, update_by, update_time, note) values (9595, 9105, 301, 301002, 2, 'system', now(), null, null, null);
insert into sys_org_post_button_auth (id, org_post_id, module_id, button_id, permission_level, create_by, create_time, update_by, update_time, note) values (9596, 9105, 301, 301003, 2, 'system', now(), null, null, null);
insert into sys_org_post_button_auth (id, org_post_id, module_id, button_id, permission_level, create_by, create_time, update_by, update_time, note) values (9597, 9105, 303, 303001, 2, 'system', now(), null, null, null);
insert into sys_org_post_button_auth (id, org_post_id, module_id, button_id, permission_level, create_by, create_time, update_by, update_time, note) values (9598, 9105, 303, 303002, 2, 'system', now(), null, null, null);
insert into sys_org_post_button_auth (id, org_post_id, module_id, button_id, permission_level, create_by, create_time, update_by, update_time, note) values (9599, 9105, 303, 303003, 2, 'system', now(), null, null, null);
insert into sys_org_post_button_auth (id, org_post_id, module_id, button_id, permission_level, create_by, create_time, update_by, update_time, note) values (9600, 9105, 303, 303004, 2, 'system', now(), null, null, null);
insert into sys_org_post_button_auth (id, org_post_id, module_id, button_id, permission_level, create_by, create_time, update_by, update_time, note) values (9601, 9105, 303, 303005, 2, 'system', now(), null, null, null);
insert into sys_org_post_button_auth (id, org_post_id, module_id, button_id, permission_level, create_by, create_time, update_by, update_time, note) values (9602, 9105, 303, 303006, 2, 'system', now(), null, null, null);
insert into sys_org_post_button_auth (id, org_post_id, module_id, button_id, permission_level, create_by, create_time, update_by, update_time, note) values (9603, 9105, 303, 303007, 2, 'system', now(), null, null, null);
insert into sys_org_post_button_auth (id, org_post_id, module_id, button_id, permission_level, create_by, create_time, update_by, update_time, note) values (9604, 9105, 303, 303008, 2, 'system', now(), null, null, null);
insert into sys_org_post_button_auth (id, org_post_id, module_id, button_id, permission_level, create_by, create_time, update_by, update_time, note) values (9605, 9105, 303, 303009, 2, 'system', now(), null, null, null);
insert into sys_org_post_button_auth (id, org_post_id, module_id, button_id, permission_level, create_by, create_time, update_by, update_time, note) values (9606, 9105, 303, 303010, 2, 'system', now(), null, null, null);
insert into sys_org_post_button_auth (id, org_post_id, module_id, button_id, permission_level, create_by, create_time, update_by, update_time, note) values (9607, 9105, 303, 303011, 2, 'system', now(), null, null, null);
insert into sys_org_post_button_auth (id, org_post_id, module_id, button_id, permission_level, create_by, create_time, update_by, update_time, note) values (9608, 9105, 303, 303012, 2, 'system', now(), null, null, null);
insert into sys_org_post_button_auth (id, org_post_id, module_id, button_id, permission_level, create_by, create_time, update_by, update_time, note) values (9609, 9105, 304, 304001, 2, 'system', now(), null, null, null);
insert into sys_org_post_button_auth (id, org_post_id, module_id, button_id, permission_level, create_by, create_time, update_by, update_time, note) values (9610, 9105, 304, 304002, 2, 'system', now(), null, null, null);
insert into sys_org_post_button_auth (id, org_post_id, module_id, button_id, permission_level, create_by, create_time, update_by, update_time, note) values (9611, 9105, 304, 304003, 2, 'system', now(), null, null, null);
insert into sys_org_post_button_auth (id, org_post_id, module_id, button_id, permission_level, create_by, create_time, update_by, update_time, note) values (9612, 9105, 304, 304004, 2, 'system', now(), null, null, null);
insert into sys_org_post_button_auth (id, org_post_id, module_id, button_id, permission_level, create_by, create_time, update_by, update_time, note) values (9613, 9105, 304, 304005, 2, 'system', now(), null, null, null);
insert into sys_org_post_button_auth (id, org_post_id, module_id, button_id, permission_level, create_by, create_time, update_by, update_time, note) values (9614, 9105, 305, 305001, 2, 'system', now(), null, null, null);
insert into sys_org_post_button_auth (id, org_post_id, module_id, button_id, permission_level, create_by, create_time, update_by, update_time, note) values (9615, 9105, 306, 306001, 2, 'system', now(), null, null, null);
insert into sys_org_post_button_auth (id, org_post_id, module_id, button_id, permission_level, create_by, create_time, update_by, update_time, note) values (9616, 9105, 307, 307001, 2, 'system', now(), null, null, null);
insert into sys_org_post_button_auth (id, org_post_id, module_id, button_id, permission_level, create_by, create_time, update_by, update_time, note) values (9617, 9105, 308, 308001, 2, 'system', now(), null, null, null);
insert into sys_org_post_button_auth (id, org_post_id, module_id, button_id, permission_level, create_by, create_time, update_by, update_time, note) values (9618, 9105, 308, 308002, 2, 'system', now(), null, null, null);
insert into sys_org_post_button_auth (id, org_post_id, module_id, button_id, permission_level, create_by, create_time, update_by, update_time, note) values (9619, 9105, 308, 308003, 2, 'system', now(), null, null, null);
insert into sys_org_post_button_auth (id, org_post_id, module_id, button_id, permission_level, create_by, create_time, update_by, update_time, note) values (9620, 9105, 309, 309001, 2, 'system', now(), null, null, null);
insert into sys_org_post_button_auth (id, org_post_id, module_id, button_id, permission_level, create_by, create_time, update_by, update_time, note) values (9621, 9105, 309, 309002, 2, 'system', now(), null, null, null);
insert into sys_org_post_button_auth (id, org_post_id, module_id, button_id, permission_level, create_by, create_time, update_by, update_time, note) values (9622, 9105, 309, 309003, 2, 'system', now(), null, null, null);
insert into sys_org_post_button_auth (id, org_post_id, module_id, button_id, permission_level, create_by, create_time, update_by, update_time, note) values (9623, 9105, 309, 309004, 2, 'system', now(), null, null, null);
insert into sys_org_post_button_auth (id, org_post_id, module_id, button_id, permission_level, create_by, create_time, update_by, update_time, note) values (9624, 9107, 101, 101001, 2, 'system', now(), null, null, null);
insert into sys_org_post_button_auth (id, org_post_id, module_id, button_id, permission_level, create_by, create_time, update_by, update_time, note) values (9625, 9107, 101, 101002, 2, 'system', now(), null, null, null);
insert into sys_org_post_button_auth (id, org_post_id, module_id, button_id, permission_level, create_by, create_time, update_by, update_time, note) values (9626, 9107, 101, 101003, 2, 'system', now(), null, null, null);
insert into sys_org_post_button_auth (id, org_post_id, module_id, button_id, permission_level, create_by, create_time, update_by, update_time, note) values (9627, 9107, 101, 101004, 2, 'system', now(), null, null, null);
insert into sys_org_post_button_auth (id, org_post_id, module_id, button_id, permission_level, create_by, create_time, update_by, update_time, note) values (9628, 9107, 101, 101005, 2, 'system', now(), null, null, null);
insert into sys_org_post_button_auth (id, org_post_id, module_id, button_id, permission_level, create_by, create_time, update_by, update_time, note) values (9629, 9107, 101, 101006, 2, 'system', now(), null, null, null);
insert into sys_org_post_button_auth (id, org_post_id, module_id, button_id, permission_level, create_by, create_time, update_by, update_time, note) values (9630, 9107, 101, 101007, 2, 'system', now(), null, null, null);
insert into sys_org_post_button_auth (id, org_post_id, module_id, button_id, permission_level, create_by, create_time, update_by, update_time, note) values (9631, 9107, 101, 101008, 2, 'system', now(), null, null, null);
insert into sys_org_post_button_auth (id, org_post_id, module_id, button_id, permission_level, create_by, create_time, update_by, update_time, note) values (9632, 9107, 101, 101009, 2, 'system', now(), null, null, null);
insert into sys_org_post_button_auth (id, org_post_id, module_id, button_id, permission_level, create_by, create_time, update_by, update_time, note) values (9633, 9107, 101, 101010, 2, 'system', now(), null, null, null);
insert into sys_org_post_button_auth (id, org_post_id, module_id, button_id, permission_level, create_by, create_time, update_by, update_time, note) values (9634, 9107, 101, 101011, 2, 'system', now(), null, null, null);
insert into sys_org_post_button_auth (id, org_post_id, module_id, button_id, permission_level, create_by, create_time, update_by, update_time, note) values (9635, 9107, 301, 301001, 2, 'system', now(), null, null, null);
insert into sys_org_post_button_auth (id, org_post_id, module_id, button_id, permission_level, create_by, create_time, update_by, update_time, note) values (9636, 9107, 301, 301002, 2, 'system', now(), null, null, null);
insert into sys_org_post_button_auth (id, org_post_id, module_id, button_id, permission_level, create_by, create_time, update_by, update_time, note) values (9637, 9107, 301, 301003, 2, 'system', now(), null, null, null);
insert into sys_org_post_button_auth (id, org_post_id, module_id, button_id, permission_level, create_by, create_time, update_by, update_time, note) values (9638, 9107, 303, 303001, 2, 'system', now(), null, null, null);
insert into sys_org_post_button_auth (id, org_post_id, module_id, button_id, permission_level, create_by, create_time, update_by, update_time, note) values (9639, 9107, 303, 303002, 2, 'system', now(), null, null, null);
insert into sys_org_post_button_auth (id, org_post_id, module_id, button_id, permission_level, create_by, create_time, update_by, update_time, note) values (9640, 9107, 303, 303003, 2, 'system', now(), null, null, null);
insert into sys_org_post_button_auth (id, org_post_id, module_id, button_id, permission_level, create_by, create_time, update_by, update_time, note) values (9641, 9107, 303, 303004, 2, 'system', now(), null, null, null);
insert into sys_org_post_button_auth (id, org_post_id, module_id, button_id, permission_level, create_by, create_time, update_by, update_time, note) values (9642, 9107, 303, 303005, 2, 'system', now(), null, null, null);
insert into sys_org_post_button_auth (id, org_post_id, module_id, button_id, permission_level, create_by, create_time, update_by, update_time, note) values (9643, 9107, 303, 303006, 2, 'system', now(), null, null, null);
insert into sys_org_post_button_auth (id, org_post_id, module_id, button_id, permission_level, create_by, create_time, update_by, update_time, note) values (9644, 9107, 303, 303007, 2, 'system', now(), null, null, null);
insert into sys_org_post_button_auth (id, org_post_id, module_id, button_id, permission_level, create_by, create_time, update_by, update_time, note) values (9645, 9107, 303, 303008, 2, 'system', now(), null, null, null);
insert into sys_org_post_button_auth (id, org_post_id, module_id, button_id, permission_level, create_by, create_time, update_by, update_time, note) values (9646, 9107, 303, 303009, 2, 'system', now(), null, null, null);
insert into sys_org_post_button_auth (id, org_post_id, module_id, button_id, permission_level, create_by, create_time, update_by, update_time, note) values (9647, 9107, 303, 303010, 2, 'system', now(), null, null, null);
insert into sys_org_post_button_auth (id, org_post_id, module_id, button_id, permission_level, create_by, create_time, update_by, update_time, note) values (9648, 9107, 303, 303011, 2, 'system', now(), null, null, null);
insert into sys_org_post_button_auth (id, org_post_id, module_id, button_id, permission_level, create_by, create_time, update_by, update_time, note) values (9649, 9107, 303, 303012, 2, 'system', now(), null, null, null);
insert into sys_org_post_button_auth (id, org_post_id, module_id, button_id, permission_level, create_by, create_time, update_by, update_time, note) values (9650, 9107, 304, 304001, 2, 'system', now(), null, null, null);
insert into sys_org_post_button_auth (id, org_post_id, module_id, button_id, permission_level, create_by, create_time, update_by, update_time, note) values (9651, 9107, 304, 304002, 2, 'system', now(), null, null, null);
insert into sys_org_post_button_auth (id, org_post_id, module_id, button_id, permission_level, create_by, create_time, update_by, update_time, note) values (9652, 9107, 304, 304003, 2, 'system', now(), null, null, null);
insert into sys_org_post_button_auth (id, org_post_id, module_id, button_id, permission_level, create_by, create_time, update_by, update_time, note) values (9653, 9107, 304, 304004, 2, 'system', now(), null, null, null);
insert into sys_org_post_button_auth (id, org_post_id, module_id, button_id, permission_level, create_by, create_time, update_by, update_time, note) values (9654, 9107, 304, 304005, 2, 'system', now(), null, null, null);
insert into sys_org_post_button_auth (id, org_post_id, module_id, button_id, permission_level, create_by, create_time, update_by, update_time, note) values (9655, 9107, 305, 305001, 2, 'system', now(), null, null, null);
insert into sys_org_post_button_auth (id, org_post_id, module_id, button_id, permission_level, create_by, create_time, update_by, update_time, note) values (9656, 9107, 306, 306001, 2, 'system', now(), null, null, null);
insert into sys_org_post_button_auth (id, org_post_id, module_id, button_id, permission_level, create_by, create_time, update_by, update_time, note) values (9657, 9107, 307, 307001, 2, 'system', now(), null, null, null);
insert into sys_org_post_button_auth (id, org_post_id, module_id, button_id, permission_level, create_by, create_time, update_by, update_time, note) values (9658, 9107, 308, 308001, 2, 'system', now(), null, null, null);
insert into sys_org_post_button_auth (id, org_post_id, module_id, button_id, permission_level, create_by, create_time, update_by, update_time, note) values (9659, 9107, 308, 308002, 2, 'system', now(), null, null, null);
insert into sys_org_post_button_auth (id, org_post_id, module_id, button_id, permission_level, create_by, create_time, update_by, update_time, note) values (9660, 9107, 308, 308003, 2, 'system', now(), null, null, null);
insert into sys_org_post_button_auth (id, org_post_id, module_id, button_id, permission_level, create_by, create_time, update_by, update_time, note) values (9661, 9107, 309, 309001, 2, 'system', now(), null, null, null);
insert into sys_org_post_button_auth (id, org_post_id, module_id, button_id, permission_level, create_by, create_time, update_by, update_time, note) values (9662, 9107, 309, 309002, 2, 'system', now(), null, null, null);
insert into sys_org_post_button_auth (id, org_post_id, module_id, button_id, permission_level, create_by, create_time, update_by, update_time, note) values (9663, 9107, 309, 309003, 2, 'system', now(), null, null, null);
insert into sys_org_post_button_auth (id, org_post_id, module_id, button_id, permission_level, create_by, create_time, update_by, update_time, note) values (9664, 9107, 309, 309004, 2, 'system', now(), null, null, null);
