-- 用户初始化
delete from sys_user;
insert into sys_user (id, username, password, nickname, email, phone, avatar, type, sex, login_ip, login_time, status, create_by, create_time, update_by, update_time, note) values (1, 'admin', '123456', '超级管理员', 'superadmin@test.com', '13800000001', null, '0', '0', null, null, '0', 'system', now(), null, null, null);
insert into sys_user (id, username, password, nickname, email, phone, avatar, type, sex, login_ip, login_time, status, create_by, create_time, update_by, update_time, note) values (2, 'zhangsan', '123456', '张三', 'zhangsan@test.com', '13800000002', null, '1', '0', null, null, '0', 'system', now(), null, null, '总部采购岗位示例用户');
insert into sys_user (id, username, password, nickname, email, phone, avatar, type, sex, login_ip, login_time, status, create_by, create_time, update_by, update_time, note) values (3, 'lisi', '123456', '李四', 'lisi@test.com', '13800000003', null, '1', '0', null, null, '0', 'system', now(), null, null, '华东采购岗位示例用户');
insert into sys_user (id, username, password, nickname, email, phone, avatar, type, sex, login_ip, login_time, status, create_by, create_time, update_by, update_time, note) values (4, 'wangwu', '123456', '王五', 'wangwu@test.com', '13800000004', null, '1', '0', null, null, '0', 'system', now(), null, null, '华北财务岗位示例用户');

-- 系统导航模块、隐藏路由与功能权限均由 init_Data.sql 初始化

-- 字典初始化
delete from sys_dict_type;
insert into sys_dict_type (id, name, type, status, create_by, create_time, update_by, update_time, note) values (3001, '用户性别', 'sys_user_sex', '0', 'system', now(), null, null, '用户性别列表');
insert into sys_dict_type (id, name, type, status, create_by, create_time, update_by, update_time, note) values (3002, '显示状态', 'sys_show_hide', '0', 'system', now(), null, null, '菜单显示状态列表');
insert into sys_dict_type (id, name, type, status, create_by, create_time, update_by, update_time, note) values (3003, '系统开关', 'sys_normal_disable', '0', 'system', now(), null, null, '系统开关列表');
insert into sys_dict_type (id, name, type, status, create_by, create_time, update_by, update_time, note) values (3004, '是否字典', 'sys_yes_no', '0', 'system', now(), null, null, '是否字典列表');

delete from sys_dict_data;
insert into sys_dict_data (id, dict_type_id, label, value, sort, css_class, list_class, default_flag, status, create_by, create_time, update_by, update_time, note) values (4001, 3001, '男', '0', 1, null, 'primary', 'N', '0', 'system', now(), null, null, '用户性别男');
insert into sys_dict_data (id, dict_type_id, label, value, sort, css_class, list_class, default_flag, status, create_by, create_time, update_by, update_time, note) values (4002, 3001, '女', '1', 2, null, 'danger', 'N', '0', 'system', now(), null, null, '用户性别女');
insert into sys_dict_data (id, dict_type_id, label, value, sort, css_class, list_class, default_flag, status, create_by, create_time, update_by, update_time, note) values (4003, 3001, '未知', '2', 3, null, 'info', 'Y', '0', 'system', now(), null, null, '用户性别未知');
insert into sys_dict_data (id, dict_type_id, label, value, sort, css_class, list_class, default_flag, status, create_by, create_time, update_by, update_time, note) values (4004, 3002, '显示', '0', 1, null, 'success', 'Y', '0', 'system', now(), null, null, '菜单显示');
insert into sys_dict_data (id, dict_type_id, label, value, sort, css_class, list_class, default_flag, status, create_by, create_time, update_by, update_time, note) values (4005, 3002, '隐藏', '1', 2, null, 'warning', 'N', '0', 'system', now(), null, null, '菜单隐藏');
insert into sys_dict_data (id, dict_type_id, label, value, sort, css_class, list_class, default_flag, status, create_by, create_time, update_by, update_time, note) values (4006, 3003, '正常', '0', 1, null, 'success', 'Y', '0', 'system', now(), null, null, '系统正常状态');
insert into sys_dict_data (id, dict_type_id, label, value, sort, css_class, list_class, default_flag, status, create_by, create_time, update_by, update_time, note) values (4007, 3003, '停用', '1', 2, null, 'danger', 'N', '0', 'system', now(), null, null, '系统停用状态');
insert into sys_dict_data (id, dict_type_id, label, value, sort, css_class, list_class, default_flag, status, create_by, create_time, update_by, update_time, note) values (4008, 3004, '是', 'Y', 1, null, 'success', 'Y', '0', 'system', now(), null, null, '是否字典是');
insert into sys_dict_data (id, dict_type_id, label, value, sort, css_class, list_class, default_flag, status, create_by, create_time, update_by, update_time, note) values (4009, 3004, '否', 'N', 2, null, 'info', 'N', '0', 'system', now(), null, null, '是否字典否');

-- 参数配置初始化
delete from sys_config;
insert into sys_config (id, config_name, config_key, config_value, config_type, create_by, create_time, update_by, update_time, note) values (5001, '主框架页-默认皮肤样式名称', 'sys.index.skinName', 'skin-blue', 'Y', 'system', now(), null, null, '蓝色 skin-blue、绿色 skin-green、紫色 skin-purple、红色 skin-red、黄色 skin-yellow');
insert into sys_config (id, config_name, config_key, config_value, config_type, create_by, create_time, update_by, update_time, note) values (5002, '用户管理-账号初始密码', 'sys.user.initPassword', '123456', 'Y', 'system', now(), null, null, '初始化密码 123456');
insert into sys_config (id, config_name, config_key, config_value, config_type, create_by, create_time, update_by, update_time, note) values (5003, '账号自助-验证码开关', 'sys.account.captchaEnabled', 'true', 'Y', 'system', now(), null, null, '是否开启验证码');

-- 岗位管理初始化
delete from sys_user_org_post;
delete from sys_org_post;
delete from sys_org_unit;

insert into sys_org_unit (id, parent_id, ancestors, org_code, org_name, org_type, sort, leader_user_id, status, create_by, create_time, update_by, update_time, note) values (9001, 0, '0', 'SOLI_HQ', '总公司', 'HEADQUARTERS', 1, 1, '0', 'system', now(), null, null, '岗位管理根组织节点');
insert into sys_org_unit (id, parent_id, ancestors, org_code, org_name, org_type, sort, leader_user_id, status, create_by, create_time, update_by, update_time, note) values (9002, 9001, '0,9001', 'SOLI_EAST', '华东分公司', 'BRANCH', 1, 1, '0', 'system', now(), null, null, '华东业务组织节点');
insert into sys_org_unit (id, parent_id, ancestors, org_code, org_name, org_type, sort, leader_user_id, status, create_by, create_time, update_by, update_time, note) values (9003, 9001, '0,9001', 'SOLI_SOUTH', '华南分公司', 'BRANCH', 2, 1, '0', 'system', now(), null, null, '华南业务组织节点');
insert into sys_org_unit (id, parent_id, ancestors, org_code, org_name, org_type, sort, leader_user_id, status, create_by, create_time, update_by, update_time, note) values (9004, 9001, '0,9001', 'SOLI_NORTH', '华北分公司', 'BRANCH', 3, 1, '0', 'system', now(), null, null, '华北业务组织节点');

insert into sys_org_post (id, org_unit_id, parent_post_id, ancestors, post_code, post_name, post_type, manager_user_id, sort, status, create_by, create_time, update_by, update_time, note) values (9101, 9001, 0, '0', 'HQ_MANAGER', '总公司负责人', 'MANAGER', 1, 1, '0', 'system', now(), null, null, '总公司管理岗位');
insert into sys_org_post (id, org_unit_id, parent_post_id, ancestors, post_code, post_name, post_type, manager_user_id, sort, status, create_by, create_time, update_by, update_time, note) values (9102, 9001, 9101, '0,9101', 'HQ_BUYER', '总部采购专员', 'BUYER', 2, 1, '0', 'system', now(), null, null, '总部采购执行岗位');
insert into sys_org_post (id, org_unit_id, parent_post_id, ancestors, post_code, post_name, post_type, manager_user_id, sort, status, create_by, create_time, update_by, update_time, note) values (9103, 9002, 0, '0', 'EAST_MANAGER', '华东分公司负责人', 'MANAGER', 1, 1, '0', 'system', now(), null, null, '华东分公司管理岗位');
insert into sys_org_post (id, org_unit_id, parent_post_id, ancestors, post_code, post_name, post_type, manager_user_id, sort, status, create_by, create_time, update_by, update_time, note) values (9104, 9002, 9103, '0,9103', 'EAST_BUYER', '华东采购专员', 'BUYER', 3, 1, '0', 'system', now(), null, null, '华东采购执行岗位');
insert into sys_org_post (id, org_unit_id, parent_post_id, ancestors, post_code, post_name, post_type, manager_user_id, sort, status, create_by, create_time, update_by, update_time, note) values (9105, 9003, 0, '0', 'SOUTH_MANAGER', '华南分公司负责人', 'MANAGER', 1, 1, '0', 'system', now(), null, null, '华南分公司管理岗位');
insert into sys_org_post (id, org_unit_id, parent_post_id, ancestors, post_code, post_name, post_type, manager_user_id, sort, status, create_by, create_time, update_by, update_time, note) values (9106, 9003, 9105, '0,9105', 'SOUTH_OPERATOR', '华南运营专员', 'OPERATION', 4, 1, '0', 'system', now(), null, null, '华南运营执行岗位');
insert into sys_org_post (id, org_unit_id, parent_post_id, ancestors, post_code, post_name, post_type, manager_user_id, sort, status, create_by, create_time, update_by, update_time, note) values (9107, 9004, 0, '0', 'NORTH_MANAGER', '华北分公司负责人', 'MANAGER', 1, 1, '0', 'system', now(), null, null, '华北分公司管理岗位');
insert into sys_org_post (id, org_unit_id, parent_post_id, ancestors, post_code, post_name, post_type, manager_user_id, sort, status, create_by, create_time, update_by, update_time, note) values (9108, 9004, 9107, '0,9107', 'NORTH_FINANCE', '华北财务专员', 'FINANCE', 4, 1, '0', 'system', now(), null, null, '华北财务执行岗位');

insert into sys_user_org_post (id, user_id, org_post_id, primary_flag, status, create_by, create_time, update_by, update_time, note) values (9201, 1, 9101, 'Y', '0', 'system', now(), null, null, 'admin 主岗总公司负责人');
insert into sys_user_org_post (id, user_id, org_post_id, primary_flag, status, create_by, create_time, update_by, update_time, note) values (9202, 1, 9103, 'N', '0', 'system', now(), null, null, 'admin 兼岗华东分公司负责人');
insert into sys_user_org_post (id, user_id, org_post_id, primary_flag, status, create_by, create_time, update_by, update_time, note) values (9203, 1, 9105, 'N', '0', 'system', now(), null, null, 'admin 兼岗华南分公司负责人');
insert into sys_user_org_post (id, user_id, org_post_id, primary_flag, status, create_by, create_time, update_by, update_time, note) values (9204, 1, 9107, 'N', '0', 'system', now(), null, null, 'admin 兼岗华北分公司负责人');
insert into sys_user_org_post (id, user_id, org_post_id, primary_flag, status, create_by, create_time, update_by, update_time, note) values (9205, 2, 9102, 'Y', '0', 'system', now(), null, null, '张三分配到总部采购专员');
insert into sys_user_org_post (id, user_id, org_post_id, primary_flag, status, create_by, create_time, update_by, update_time, note) values (9206, 3, 9104, 'Y', '0', 'system', now(), null, null, '李四分配到华东采购专员');
insert into sys_user_org_post (id, user_id, org_post_id, primary_flag, status, create_by, create_time, update_by, update_time, note) values (9207, 4, 9108, 'Y', '0', 'system', now(), null, null, '王五分配到华北财务专员');

-- 模块权限平台初始化
delete from sys_module_publish_log;
delete from sys_module_state_button_auth;
delete from sys_module_state_field_auth;
delete from sys_org_post_button_auth;
delete from sys_org_post_field_auth;
delete from sys_org_post_module_auth;
delete from sys_module_field_title;
delete from sys_module_transition;
delete from sys_module_state;
delete from sys_module_button;
delete from sys_module_field;
delete from sys_module_component;
delete from sys_module;

insert into sys_module (id, parent_id, ancestors, module_code, module_name, module_type, route_path, component_path, icon, sort, nav_visible, stateful_flag, state_field_code, context_version, status, create_by, create_time, update_by, update_time, note) values (100, 0, '0', 'purchase', '采购管理', 'CATALOG', '/purchase', null, 'ShoppingCart', 1, '1', '0', null, 3, '0', 'system', now(), null, null, '采购业务模块目录');
insert into sys_module (id, parent_id, ancestors, module_code, module_name, module_type, route_path, component_path, icon, sort, nav_visible, stateful_flag, state_field_code, context_version, status, create_by, create_time, update_by, update_time, note) values (101, 100, '0,100', 'purchase_order', '采购订单', 'PAGE', 'order', 'purchase/order/PurchaseOrderIndex', 'Document', 1, '1', '1', 'status', 6, '0', 'system', now(), null, null, '采购订单页面');
insert into sys_module (id, parent_id, ancestors, module_code, module_name, module_type, route_path, component_path, icon, sort, nav_visible, stateful_flag, state_field_code, context_version, status, create_by, create_time, update_by, update_time, note) values (102, 100, '0,100', 'purchase_order_create', '采购订单新增', 'PAGE', 'order/create', 'purchase/order/PurchaseOrderCreate', 'DocumentAdd', 2, '0', '0', null, 1, '0', 'system', now(), null, null, '采购订单新增隐藏路由');
insert into sys_module (id, parent_id, ancestors, module_code, module_name, module_type, route_path, component_path, icon, sort, nav_visible, stateful_flag, state_field_code, context_version, status, create_by, create_time, update_by, update_time, note) values (103, 100, '0,100', 'purchase_order_detail', '采购订单详情', 'PAGE', 'order/detail', 'purchase/order/PurchaseOrderDetail', 'DocumentChecked', 3, '0', '0', null, 1, '0', 'system', now(), null, null, '采购订单详情隐藏路由');
insert into sys_module (id, parent_id, ancestors, module_code, module_name, module_type, route_path, component_path, icon, sort, nav_visible, stateful_flag, state_field_code, context_version, status, create_by, create_time, update_by, update_time, note) values (300, 0, '0', 'sys_system', '系统管理', 'CATALOG', '/system', null, 'Tools', 99, '1', '0', null, 1, '0', 'system', now(), null, null, '系统后台导航根目录');
insert into sys_module (id, parent_id, ancestors, module_code, module_name, module_type, route_path, component_path, icon, sort, nav_visible, stateful_flag, state_field_code, context_version, status, create_by, create_time, update_by, update_time, note) values (301, 300, '0,300', 'sys_user', '用户管理', 'PAGE', 'user', 'system/user/index', 'User', 1, '1', '1', 'mode', 1, '0', 'system', now(), null, null, '系统用户维护页面');
insert into sys_module (id, parent_id, ancestors, module_code, module_name, module_type, route_path, component_path, icon, sort, nav_visible, stateful_flag, state_field_code, context_version, status, create_by, create_time, update_by, update_time, note) values (303, 300, '0,300', 'sys_module', '模块管理', 'PAGE', 'module-center', 'system/module-center/index', 'Grid', 3, '1', '1', 'mode', 1, '0', 'system', now(), null, null, '模块管理页面');
insert into sys_module (id, parent_id, ancestors, module_code, module_name, module_type, route_path, component_path, icon, sort, nav_visible, stateful_flag, state_field_code, context_version, status, create_by, create_time, update_by, update_time, note) values (304, 300, '0,300', 'sys_org_post', '岗位管理', 'PAGE', 'post-manage', 'system/post-manage/index', 'OfficeBuilding', 4, '1', '1', 'mode', 1, '0', 'system', now(), null, null, '组织岗位维护页面');
insert into sys_module (id, parent_id, ancestors, module_code, module_name, module_type, route_path, component_path, icon, sort, nav_visible, stateful_flag, state_field_code, context_version, status, create_by, create_time, update_by, update_time, note) values (305, 300, '0,300', 'sys_function_auth', '功能授权', 'PAGE', 'function-auth', 'system/function-auth/index', 'Lock', 5, '1', '0', null, 1, '0', 'system', now(), null, null, '岗位功能授权页面');
insert into sys_module (id, parent_id, ancestors, module_code, module_name, module_type, route_path, component_path, icon, sort, nav_visible, stateful_flag, state_field_code, context_version, status, create_by, create_time, update_by, update_time, note) values (306, 300, '0,300', 'sys_module_title', '字段标题', 'PAGE', 'module-title', 'system/module-title/index', 'EditPen', 6, '1', '0', null, 1, '0', 'system', now(), null, null, '字段标题维护页面');
insert into sys_module (id, parent_id, ancestors, module_code, module_name, module_type, route_path, component_path, icon, sort, nav_visible, stateful_flag, state_field_code, context_version, status, create_by, create_time, update_by, update_time, note) values (307, 300, '0,300', 'sys_state_auth', '状态权限', 'PAGE', 'state-auth', 'system/state-auth/index', 'SetUp', 7, '1', '0', null, 1, '0', 'system', now(), null, null, '状态权限维护页面');
insert into sys_module (id, parent_id, ancestors, module_code, module_name, module_type, route_path, component_path, icon, sort, nav_visible, stateful_flag, state_field_code, context_version, status, create_by, create_time, update_by, update_time, note) values (308, 300, '0,300', 'sys_dict', '字典管理', 'PAGE', 'dict', 'system/dict/index', 'Reading', 8, '1', '1', 'mode', 1, '0', 'system', now(), null, null, '字典类型与字典数据维护页面');
insert into sys_module (id, parent_id, ancestors, module_code, module_name, module_type, route_path, component_path, icon, sort, nav_visible, stateful_flag, state_field_code, context_version, status, create_by, create_time, update_by, update_time, note) values (309, 300, '0,300', 'sys_config', '参数设置', 'PAGE', 'config', 'system/config/index', 'Tools', 9, '1', '1', 'mode', 1, '0', 'system', now(), null, null, '系统参数维护页面');
insert into sys_module (id, parent_id, ancestors, module_code, module_name, module_type, route_path, component_path, icon, sort, nav_visible, stateful_flag, state_field_code, context_version, status, create_by, create_time, update_by, update_time, note) values (310, 300, '0,300', 'sys_log', '日志管理', 'CATALOG', 'log', null, 'Monitor', 10, '1', '0', null, 1, '0', 'system', now(), null, null, '日志管理目录');
insert into sys_module (id, parent_id, ancestors, module_code, module_name, module_type, route_path, component_path, icon, sort, nav_visible, stateful_flag, state_field_code, context_version, status, create_by, create_time, update_by, update_time, note) values (311, 310, '0,300,310', 'sys_operlog', '操作日志', 'PAGE', 'operlog', 'system/monitor/operlog/index', 'Document', 1, '1', '0', null, 1, '0', 'system', now(), null, null, '操作日志页面');
insert into sys_module (id, parent_id, ancestors, module_code, module_name, module_type, route_path, component_path, icon, sort, nav_visible, stateful_flag, state_field_code, context_version, status, create_by, create_time, update_by, update_time, note) values (312, 310, '0,300,310', 'sys_logininfor', '登录日志', 'PAGE', 'logininfor', 'system/monitor/logininfor/index', 'Key', 2, '1', '0', null, 1, '0', 'system', now(), null, null, '登录日志页面');
insert into sys_module (id, parent_id, ancestors, module_code, module_name, module_type, route_path, component_path, icon, sort, nav_visible, stateful_flag, state_field_code, context_version, status, create_by, create_time, update_by, update_time, note) values (313, 300, '0,300', 'sys_dict_data', '字典数据', 'PAGE', 'dict/:dictId/data', 'system/dict-data/index', 'Tickets', 81, '0', '1', 'mode', 1, '0', 'system', now(), null, null, '字典数据隐藏路由');

insert into sys_module_component (id, module_id, component_code, component_name, sort, status, create_by, create_time, update_by, update_time, note) values (10101, 101, 'query', '查询', 1, '0', 'system', now(), null, null, '采购订单查询条件');
insert into sys_module_component (id, module_id, component_code, component_name, sort, status, create_by, create_time, update_by, update_time, note) values (10102, 101, 'list', '列表', 2, '0', 'system', now(), null, null, '采购订单列表');
insert into sys_module_component (id, module_id, component_code, component_name, sort, status, create_by, create_time, update_by, update_time, note) values (10103, 101, 'header', '表头', 3, '0', 'system', now(), null, null, '采购订单表头');
insert into sys_module_component (id, module_id, component_code, component_name, sort, status, create_by, create_time, update_by, update_time, note) values (10104, 101, 'detail', '明细', 4, '0', 'system', now(), null, null, '采购订单明细');
insert into sys_module_component (id, module_id, component_code, component_name, sort, status, create_by, create_time, update_by, update_time, note) values (10105, 101, 'source', '来源', 5, '0', 'system', now(), null, null, '采购订单来源单据');
insert into sys_module_component (id, module_id, component_code, component_name, sort, status, create_by, create_time, update_by, update_time, note) values (10106, 101, 'attachment', '附件', 6, '0', 'system', now(), null, null, '采购订单附件');

insert into sys_module_field (id, module_id, component_id, field_code, default_title, component_type, data_path, value_type, required_flag, sort, status, create_by, create_time, update_by, update_time, note) values (1010101, 101, 10101, 'billNo', '单据编号', 'input', 'query.billNo', 'string', '0', 1, '0', 'system', now(), null, null, null);
insert into sys_module_field (id, module_id, component_id, field_code, default_title, component_type, data_path, value_type, required_flag, sort, status, create_by, create_time, update_by, update_time, note) values (1010102, 101, 10101, 'supplierId', '供应商', 'search-select', 'query.supplierId', 'long', '0', 2, '0', 'system', now(), null, null, null);
insert into sys_module_field (id, module_id, component_id, field_code, default_title, component_type, data_path, value_type, required_flag, sort, status, create_by, create_time, update_by, update_time, note) values (1010103, 101, 10101, 'billDate', '单据日期', 'date', 'query.billDate', 'date', '0', 3, '0', 'system', now(), null, null, null);
insert into sys_module_field (id, module_id, component_id, field_code, default_title, component_type, data_path, value_type, required_flag, sort, status, create_by, create_time, update_by, update_time, note) values (1010104, 101, 10101, 'userName', '业务员', 'input', 'query.userName', 'string', '0', 4, '0', 'system', now(), null, null, null);
insert into sys_module_field (id, module_id, component_id, field_code, default_title, component_type, data_path, value_type, required_flag, sort, status, create_by, create_time, update_by, update_time, note) values (1010105, 101, 10101, 'warehouseId', '仓库', 'select', 'query.warehouseId', 'long', '0', 5, '0', 'system', now(), null, null, null);
insert into sys_module_field (id, module_id, component_id, field_code, default_title, component_type, data_path, value_type, required_flag, sort, status, create_by, create_time, update_by, update_time, note) values (1010201, 101, 10102, 'billNo', '单据编号', 'text', 'list.billNo', 'string', '0', 1, '0', 'system', now(), null, null, null);
insert into sys_module_field (id, module_id, component_id, field_code, default_title, component_type, data_path, value_type, required_flag, sort, status, create_by, create_time, update_by, update_time, note) values (1010202, 101, 10102, 'billDate', '单据日期', 'date', 'list.billDate', 'date', '0', 2, '0', 'system', now(), null, null, null);
insert into sys_module_field (id, module_id, component_id, field_code, default_title, component_type, data_path, value_type, required_flag, sort, status, create_by, create_time, update_by, update_time, note) values (1010203, 101, 10102, 'supplierName', '供应商', 'text', 'list.supplierName', 'string', '0', 3, '0', 'system', now(), null, null, null);
insert into sys_module_field (id, module_id, component_id, field_code, default_title, component_type, data_path, value_type, required_flag, sort, status, create_by, create_time, update_by, update_time, note) values (1010204, 101, 10102, 'userName', '业务员', 'text', 'list.userName', 'string', '0', 4, '0', 'system', now(), null, null, null);
insert into sys_module_field (id, module_id, component_id, field_code, default_title, component_type, data_path, value_type, required_flag, sort, status, create_by, create_time, update_by, update_time, note) values (1010205, 101, 10102, 'warehouseName', '仓库', 'text', 'list.warehouseName', 'string', '0', 5, '0', 'system', now(), null, null, null);
insert into sys_module_field (id, module_id, component_id, field_code, default_title, component_type, data_path, value_type, required_flag, sort, status, create_by, create_time, update_by, update_time, note) values (1010206, 101, 10102, 'totalAmount', '价税合计', 'amount', 'list.totalAmount', 'decimal', '0', 6, '0', 'system', now(), null, null, null);
insert into sys_module_field (id, module_id, component_id, field_code, default_title, component_type, data_path, value_type, required_flag, sort, status, create_by, create_time, update_by, update_time, note) values (1010207, 101, 10102, 'status', '状态', 'tag', 'list.status', 'string', '0', 7, '0', 'system', now(), null, null, null);
insert into sys_module_field (id, module_id, component_id, field_code, default_title, component_type, data_path, value_type, required_flag, sort, status, create_by, create_time, update_by, update_time, note) values (1010301, 101, 10103, 'billDate', '单据日期', 'date', 'header.billDate', 'date', '1', 1, '0', 'system', now(), null, null, null);
insert into sys_module_field (id, module_id, component_id, field_code, default_title, component_type, data_path, value_type, required_flag, sort, status, create_by, create_time, update_by, update_time, note) values (1010302, 101, 10103, 'supplierId', '供应商', 'search-select', 'header.supplierId', 'long', '1', 2, '0', 'system', now(), null, null, null);
insert into sys_module_field (id, module_id, component_id, field_code, default_title, component_type, data_path, value_type, required_flag, sort, status, create_by, create_time, update_by, update_time, note) values (1010303, 101, 10103, 'settleType', '结算方式', 'select', 'header.settleType', 'string', '1', 3, '0', 'system', now(), null, null, null);
insert into sys_module_field (id, module_id, component_id, field_code, default_title, component_type, data_path, value_type, required_flag, sort, status, create_by, create_time, update_by, update_time, note) values (1010304, 101, 10103, 'warehouseId', '仓库', 'select', 'header.warehouseId', 'long', '1', 4, '0', 'system', now(), null, null, null);
insert into sys_module_field (id, module_id, component_id, field_code, default_title, component_type, data_path, value_type, required_flag, sort, status, create_by, create_time, update_by, update_time, note) values (1010305, 101, 10103, 'userName', '业务员', 'input', 'header.userName', 'string', '1', 5, '0', 'system', now(), null, null, null);
insert into sys_module_field (id, module_id, component_id, field_code, default_title, component_type, data_path, value_type, required_flag, sort, status, create_by, create_time, update_by, update_time, note) values (1010306, 101, 10103, 'currency', '币种', 'select', 'header.currency', 'string', '1', 6, '0', 'system', now(), null, null, null);
insert into sys_module_field (id, module_id, component_id, field_code, default_title, component_type, data_path, value_type, required_flag, sort, status, create_by, create_time, update_by, update_time, note) values (1010307, 101, 10103, 'remark', '备注', 'textarea', 'header.remark', 'string', '0', 7, '0', 'system', now(), null, null, null);
insert into sys_module_field (id, module_id, component_id, field_code, default_title, component_type, data_path, value_type, required_flag, sort, status, create_by, create_time, update_by, update_time, note) values (1010308, 101, 10103, 'createByName', '制单人', 'text', 'header.createByName', 'string', '0', 8, '0', 'system', now(), null, null, null);
insert into sys_module_field (id, module_id, component_id, field_code, default_title, component_type, data_path, value_type, required_flag, sort, status, create_by, create_time, update_by, update_time, note) values (1010309, 101, 10103, 'statusName', '状态', 'tag', 'header.statusName', 'string', '0', 9, '0', 'system', now(), null, null, null);
insert into sys_module_field (id, module_id, component_id, field_code, default_title, component_type, data_path, value_type, required_flag, sort, status, create_by, create_time, update_by, update_time, note) values (1010401, 101, 10104, 'itemCode', '物料编码', 'input', 'detail.itemCode', 'string', '1', 1, '0', 'system', now(), null, null, null);
insert into sys_module_field (id, module_id, component_id, field_code, default_title, component_type, data_path, value_type, required_flag, sort, status, create_by, create_time, update_by, update_time, note) values (1010402, 101, 10104, 'itemName', '物料名称', 'input', 'detail.itemName', 'string', '1', 2, '0', 'system', now(), null, null, null);
insert into sys_module_field (id, module_id, component_id, field_code, default_title, component_type, data_path, value_type, required_flag, sort, status, create_by, create_time, update_by, update_time, note) values (1010403, 101, 10104, 'spec', '规格型号', 'input', 'detail.spec', 'string', '0', 3, '0', 'system', now(), null, null, null);
insert into sys_module_field (id, module_id, component_id, field_code, default_title, component_type, data_path, value_type, required_flag, sort, status, create_by, create_time, update_by, update_time, note) values (1010404, 101, 10104, 'unit', '单位', 'input', 'detail.unit', 'string', '0', 4, '0', 'system', now(), null, null, null);
insert into sys_module_field (id, module_id, component_id, field_code, default_title, component_type, data_path, value_type, required_flag, sort, status, create_by, create_time, update_by, update_time, note) values (1010405, 101, 10104, 'qty', '数量', 'number', 'detail.qty', 'decimal', '1', 5, '0', 'system', now(), null, null, null);
insert into sys_module_field (id, module_id, component_id, field_code, default_title, component_type, data_path, value_type, required_flag, sort, status, create_by, create_time, update_by, update_time, note) values (1010406, 101, 10104, 'priceExcl', '不含税单价', 'amount', 'detail.priceExcl', 'decimal', '1', 6, '0', 'system', now(), null, null, null);
insert into sys_module_field (id, module_id, component_id, field_code, default_title, component_type, data_path, value_type, required_flag, sort, status, create_by, create_time, update_by, update_time, note) values (1010407, 101, 10104, 'taxRate', '税率', 'number', 'detail.taxRate', 'decimal', '1', 7, '0', 'system', now(), null, null, null);
insert into sys_module_field (id, module_id, component_id, field_code, default_title, component_type, data_path, value_type, required_flag, sort, status, create_by, create_time, update_by, update_time, note) values (1010408, 101, 10104, 'taxAmount', '税额', 'amount', 'detail.taxAmount', 'decimal', '0', 8, '0', 'system', now(), null, null, null);
insert into sys_module_field (id, module_id, component_id, field_code, default_title, component_type, data_path, value_type, required_flag, sort, status, create_by, create_time, update_by, update_time, note) values (1010409, 101, 10104, 'totalAmount', '价税合计', 'amount', 'detail.totalAmount', 'decimal', '0', 9, '0', 'system', now(), null, null, null);
insert into sys_module_field (id, module_id, component_id, field_code, default_title, component_type, data_path, value_type, required_flag, sort, status, create_by, create_time, update_by, update_time, note) values (1010501, 101, 10105, 'sourceBillNo', '来源单号', 'text', 'source.sourceBillNo', 'string', '0', 1, '0', 'system', now(), null, null, null);
insert into sys_module_field (id, module_id, component_id, field_code, default_title, component_type, data_path, value_type, required_flag, sort, status, create_by, create_time, update_by, update_time, note) values (1010502, 101, 10105, 'sourceType', '来源类型', 'text', 'source.sourceType', 'string', '0', 2, '0', 'system', now(), null, null, null);
insert into sys_module_field (id, module_id, component_id, field_code, default_title, component_type, data_path, value_type, required_flag, sort, status, create_by, create_time, update_by, update_time, note) values (1010503, 101, 10105, 'supplierName', '供应商', 'text', 'source.supplierName', 'string', '0', 3, '0', 'system', now(), null, null, null);
insert into sys_module_field (id, module_id, component_id, field_code, default_title, component_type, data_path, value_type, required_flag, sort, status, create_by, create_time, update_by, update_time, note) values (1010504, 101, 10105, 'billDate', '单据日期', 'date', 'source.billDate', 'date', '0', 4, '0', 'system', now(), null, null, null);
insert into sys_module_field (id, module_id, component_id, field_code, default_title, component_type, data_path, value_type, required_flag, sort, status, create_by, create_time, update_by, update_time, note) values (1010505, 101, 10105, 'totalAmount', '价税合计', 'amount', 'source.totalAmount', 'decimal', '0', 5, '0', 'system', now(), null, null, null);
insert into sys_module_field (id, module_id, component_id, field_code, default_title, component_type, data_path, value_type, required_flag, sort, status, create_by, create_time, update_by, update_time, note) values (1010506, 101, 10105, 'status', '状态', 'tag', 'source.status', 'string', '0', 6, '0', 'system', now(), null, null, null);
insert into sys_module_field (id, module_id, component_id, field_code, default_title, component_type, data_path, value_type, required_flag, sort, status, create_by, create_time, update_by, update_time, note) values (1010507, 101, 10105, 'remark', '备注', 'text', 'source.remark', 'string', '0', 7, '0', 'system', now(), null, null, null);
insert into sys_module_field (id, module_id, component_id, field_code, default_title, component_type, data_path, value_type, required_flag, sort, status, create_by, create_time, update_by, update_time, note) values (1010601, 101, 10106, 'fileName', '文件名称', 'text', 'attachment.fileName', 'string', '0', 1, '0', 'system', now(), null, null, null);
insert into sys_module_field (id, module_id, component_id, field_code, default_title, component_type, data_path, value_type, required_flag, sort, status, create_by, create_time, update_by, update_time, note) values (1010602, 101, 10106, 'fileType', '文件类型', 'text', 'attachment.fileType', 'string', '0', 2, '0', 'system', now(), null, null, null);
insert into sys_module_field (id, module_id, component_id, field_code, default_title, component_type, data_path, value_type, required_flag, sort, status, create_by, create_time, update_by, update_time, note) values (1010603, 101, 10106, 'fileSize', '文件大小', 'text', 'attachment.fileSize', 'string', '0', 3, '0', 'system', now(), null, null, null);
insert into sys_module_field (id, module_id, component_id, field_code, default_title, component_type, data_path, value_type, required_flag, sort, status, create_by, create_time, update_by, update_time, note) values (1010604, 101, 10106, 'uploadUser', '上传人', 'text', 'attachment.uploadUser', 'string', '0', 4, '0', 'system', now(), null, null, null);
insert into sys_module_field (id, module_id, component_id, field_code, default_title, component_type, data_path, value_type, required_flag, sort, status, create_by, create_time, update_by, update_time, note) values (1010605, 101, 10106, 'uploadTime', '上传时间', 'datetime', 'attachment.uploadTime', 'datetime', '0', 5, '0', 'system', now(), null, null, null);
insert into sys_module_field (id, module_id, component_id, field_code, default_title, component_type, data_path, value_type, required_flag, sort, status, create_by, create_time, update_by, update_time, note) values (1010606, 101, 10106, 'remark', '备注', 'text', 'attachment.remark', 'string', '0', 6, '0', 'system', now(), null, null, null);

insert into sys_module_field_title (id, field_id, module_id, component_id, component_code, field_code, default_title, locale, display_title, placeholder, help_text, component_type, data_path, value_type, required_flag, sort, status, create_by, create_time, update_by, update_time, note) values (1011101, 1010101, 101, 10101, 'query', 'billNo', '单据编号', 'zh_CN', null, null, null, 'input', 'query.billNo', 'string', '0', 1, '0', 'system', now(), null, null, null);
insert into sys_module_field_title (id, field_id, module_id, component_id, component_code, field_code, default_title, locale, display_title, placeholder, help_text, component_type, data_path, value_type, required_flag, sort, status, create_by, create_time, update_by, update_time, note) values (1011102, 1010102, 101, 10101, 'query', 'supplierId', '供应商', 'zh_CN', null, null, null, 'search-select', 'query.supplierId', 'long', '0', 2, '0', 'system', now(), null, null, null);
insert into sys_module_field_title (id, field_id, module_id, component_id, component_code, field_code, default_title, locale, display_title, placeholder, help_text, component_type, data_path, value_type, required_flag, sort, status, create_by, create_time, update_by, update_time, note) values (1011103, 1010103, 101, 10101, 'query', 'billDate', '单据日期', 'zh_CN', null, null, null, 'date', 'query.billDate', 'date', '0', 3, '0', 'system', now(), null, null, null);
insert into sys_module_field_title (id, field_id, module_id, component_id, component_code, field_code, default_title, locale, display_title, placeholder, help_text, component_type, data_path, value_type, required_flag, sort, status, create_by, create_time, update_by, update_time, note) values (1011104, 1010104, 101, 10101, 'query', 'userName', '业务员', 'zh_CN', null, null, null, 'input', 'query.userName', 'string', '0', 4, '0', 'system', now(), null, null, null);
insert into sys_module_field_title (id, field_id, module_id, component_id, component_code, field_code, default_title, locale, display_title, placeholder, help_text, component_type, data_path, value_type, required_flag, sort, status, create_by, create_time, update_by, update_time, note) values (1011105, 1010105, 101, 10101, 'query', 'warehouseId', '仓库', 'zh_CN', null, null, null, 'select', 'query.warehouseId', 'long', '0', 5, '0', 'system', now(), null, null, null);
insert into sys_module_field_title (id, field_id, module_id, component_id, component_code, field_code, default_title, locale, display_title, placeholder, help_text, component_type, data_path, value_type, required_flag, sort, status, create_by, create_time, update_by, update_time, note) values (1011201, 1010201, 101, 10102, 'list', 'billNo', '单据编号', 'zh_CN', null, null, null, 'text', 'list.billNo', 'string', '0', 1, '0', 'system', now(), null, null, null);
insert into sys_module_field_title (id, field_id, module_id, component_id, component_code, field_code, default_title, locale, display_title, placeholder, help_text, component_type, data_path, value_type, required_flag, sort, status, create_by, create_time, update_by, update_time, note) values (1011202, 1010202, 101, 10102, 'list', 'billDate', '单据日期', 'zh_CN', null, null, null, 'date', 'list.billDate', 'date', '0', 2, '0', 'system', now(), null, null, null);
insert into sys_module_field_title (id, field_id, module_id, component_id, component_code, field_code, default_title, locale, display_title, placeholder, help_text, component_type, data_path, value_type, required_flag, sort, status, create_by, create_time, update_by, update_time, note) values (1011203, 1010203, 101, 10102, 'list', 'supplierName', '供应商', 'zh_CN', null, null, null, 'text', 'list.supplierName', 'string', '0', 3, '0', 'system', now(), null, null, null);
insert into sys_module_field_title (id, field_id, module_id, component_id, component_code, field_code, default_title, locale, display_title, placeholder, help_text, component_type, data_path, value_type, required_flag, sort, status, create_by, create_time, update_by, update_time, note) values (1011204, 1010204, 101, 10102, 'list', 'userName', '业务员', 'zh_CN', null, null, null, 'text', 'list.userName', 'string', '0', 4, '0', 'system', now(), null, null, null);
insert into sys_module_field_title (id, field_id, module_id, component_id, component_code, field_code, default_title, locale, display_title, placeholder, help_text, component_type, data_path, value_type, required_flag, sort, status, create_by, create_time, update_by, update_time, note) values (1011205, 1010205, 101, 10102, 'list', 'warehouseName', '仓库', 'zh_CN', null, null, null, 'text', 'list.warehouseName', 'string', '0', 5, '0', 'system', now(), null, null, null);
insert into sys_module_field_title (id, field_id, module_id, component_id, component_code, field_code, default_title, locale, display_title, placeholder, help_text, component_type, data_path, value_type, required_flag, sort, status, create_by, create_time, update_by, update_time, note) values (1011206, 1010206, 101, 10102, 'list', 'totalAmount', '价税合计', 'zh_CN', null, null, null, 'amount', 'list.totalAmount', 'decimal', '0', 6, '0', 'system', now(), null, null, null);
insert into sys_module_field_title (id, field_id, module_id, component_id, component_code, field_code, default_title, locale, display_title, placeholder, help_text, component_type, data_path, value_type, required_flag, sort, status, create_by, create_time, update_by, update_time, note) values (1011207, 1010207, 101, 10102, 'list', 'status', '状态', 'zh_CN', null, null, null, 'tag', 'list.status', 'string', '0', 7, '0', 'system', now(), null, null, null);
insert into sys_module_field_title (id, field_id, module_id, component_id, component_code, field_code, default_title, locale, display_title, placeholder, help_text, component_type, data_path, value_type, required_flag, sort, status, create_by, create_time, update_by, update_time, note) values (1011301, 1010301, 101, 10103, 'header', 'billDate', '单据日期', 'zh_CN', null, null, null, 'date', 'header.billDate', 'date', '1', 1, '0', 'system', now(), null, null, null);
insert into sys_module_field_title (id, field_id, module_id, component_id, component_code, field_code, default_title, locale, display_title, placeholder, help_text, component_type, data_path, value_type, required_flag, sort, status, create_by, create_time, update_by, update_time, note) values (1011302, 1010302, 101, 10103, 'header', 'supplierId', '供应商', 'zh_CN', null, null, null, 'search-select', 'header.supplierId', 'long', '1', 2, '0', 'system', now(), null, null, null);
insert into sys_module_field_title (id, field_id, module_id, component_id, component_code, field_code, default_title, locale, display_title, placeholder, help_text, component_type, data_path, value_type, required_flag, sort, status, create_by, create_time, update_by, update_time, note) values (1011303, 1010303, 101, 10103, 'header', 'settleType', '结算方式', 'zh_CN', null, null, null, 'select', 'header.settleType', 'string', '1', 3, '0', 'system', now(), null, null, null);
insert into sys_module_field_title (id, field_id, module_id, component_id, component_code, field_code, default_title, locale, display_title, placeholder, help_text, component_type, data_path, value_type, required_flag, sort, status, create_by, create_time, update_by, update_time, note) values (1011304, 1010304, 101, 10103, 'header', 'warehouseId', '仓库', 'zh_CN', null, null, null, 'select', 'header.warehouseId', 'long', '1', 4, '0', 'system', now(), null, null, null);
insert into sys_module_field_title (id, field_id, module_id, component_id, component_code, field_code, default_title, locale, display_title, placeholder, help_text, component_type, data_path, value_type, required_flag, sort, status, create_by, create_time, update_by, update_time, note) values (1011305, 1010305, 101, 10103, 'header', 'userName', '业务员', 'zh_CN', null, null, null, 'input', 'header.userName', 'string', '1', 5, '0', 'system', now(), null, null, null);
insert into sys_module_field_title (id, field_id, module_id, component_id, component_code, field_code, default_title, locale, display_title, placeholder, help_text, component_type, data_path, value_type, required_flag, sort, status, create_by, create_time, update_by, update_time, note) values (1011306, 1010306, 101, 10103, 'header', 'currency', '币种', 'zh_CN', null, null, null, 'select', 'header.currency', 'string', '1', 6, '0', 'system', now(), null, null, null);
insert into sys_module_field_title (id, field_id, module_id, component_id, component_code, field_code, default_title, locale, display_title, placeholder, help_text, component_type, data_path, value_type, required_flag, sort, status, create_by, create_time, update_by, update_time, note) values (1011307, 1010307, 101, 10103, 'header', 'remark', '备注', 'zh_CN', null, null, null, 'textarea', 'header.remark', 'string', '0', 7, '0', 'system', now(), null, null, null);
insert into sys_module_field_title (id, field_id, module_id, component_id, component_code, field_code, default_title, locale, display_title, placeholder, help_text, component_type, data_path, value_type, required_flag, sort, status, create_by, create_time, update_by, update_time, note) values (1011308, 1010308, 101, 10103, 'header', 'createByName', '制单人', 'zh_CN', null, null, null, 'text', 'header.createByName', 'string', '0', 8, '0', 'system', now(), null, null, null);
insert into sys_module_field_title (id, field_id, module_id, component_id, component_code, field_code, default_title, locale, display_title, placeholder, help_text, component_type, data_path, value_type, required_flag, sort, status, create_by, create_time, update_by, update_time, note) values (1011309, 1010309, 101, 10103, 'header', 'statusName', '状态', 'zh_CN', null, null, null, 'tag', 'header.statusName', 'string', '0', 9, '0', 'system', now(), null, null, null);
insert into sys_module_field_title (id, field_id, module_id, component_id, component_code, field_code, default_title, locale, display_title, placeholder, help_text, component_type, data_path, value_type, required_flag, sort, status, create_by, create_time, update_by, update_time, note) values (1011401, 1010401, 101, 10104, 'detail', 'itemCode', '物料编码', 'zh_CN', null, null, null, 'input', 'detail.itemCode', 'string', '1', 1, '0', 'system', now(), null, null, null);
insert into sys_module_field_title (id, field_id, module_id, component_id, component_code, field_code, default_title, locale, display_title, placeholder, help_text, component_type, data_path, value_type, required_flag, sort, status, create_by, create_time, update_by, update_time, note) values (1011402, 1010402, 101, 10104, 'detail', 'itemName', '物料名称', 'zh_CN', null, null, null, 'input', 'detail.itemName', 'string', '1', 2, '0', 'system', now(), null, null, null);
insert into sys_module_field_title (id, field_id, module_id, component_id, component_code, field_code, default_title, locale, display_title, placeholder, help_text, component_type, data_path, value_type, required_flag, sort, status, create_by, create_time, update_by, update_time, note) values (1011403, 1010403, 101, 10104, 'detail', 'spec', '规格型号', 'zh_CN', null, null, null, 'input', 'detail.spec', 'string', '0', 3, '0', 'system', now(), null, null, null);
insert into sys_module_field_title (id, field_id, module_id, component_id, component_code, field_code, default_title, locale, display_title, placeholder, help_text, component_type, data_path, value_type, required_flag, sort, status, create_by, create_time, update_by, update_time, note) values (1011404, 1010404, 101, 10104, 'detail', 'unit', '单位', 'zh_CN', null, null, null, 'input', 'detail.unit', 'string', '0', 4, '0', 'system', now(), null, null, null);
insert into sys_module_field_title (id, field_id, module_id, component_id, component_code, field_code, default_title, locale, display_title, placeholder, help_text, component_type, data_path, value_type, required_flag, sort, status, create_by, create_time, update_by, update_time, note) values (1011405, 1010405, 101, 10104, 'detail', 'qty', '数量', 'zh_CN', null, null, null, 'number', 'detail.qty', 'decimal', '1', 5, '0', 'system', now(), null, null, null);
insert into sys_module_field_title (id, field_id, module_id, component_id, component_code, field_code, default_title, locale, display_title, placeholder, help_text, component_type, data_path, value_type, required_flag, sort, status, create_by, create_time, update_by, update_time, note) values (1011406, 1010406, 101, 10104, 'detail', 'priceExcl', '不含税单价', 'zh_CN', null, null, null, 'amount', 'detail.priceExcl', 'decimal', '1', 6, '0', 'system', now(), null, null, null);
insert into sys_module_field_title (id, field_id, module_id, component_id, component_code, field_code, default_title, locale, display_title, placeholder, help_text, component_type, data_path, value_type, required_flag, sort, status, create_by, create_time, update_by, update_time, note) values (1011407, 1010407, 101, 10104, 'detail', 'taxRate', '税率', 'zh_CN', null, null, null, 'number', 'detail.taxRate', 'decimal', '1', 7, '0', 'system', now(), null, null, null);
insert into sys_module_field_title (id, field_id, module_id, component_id, component_code, field_code, default_title, locale, display_title, placeholder, help_text, component_type, data_path, value_type, required_flag, sort, status, create_by, create_time, update_by, update_time, note) values (1011408, 1010408, 101, 10104, 'detail', 'taxAmount', '税额', 'zh_CN', null, null, null, 'amount', 'detail.taxAmount', 'decimal', '0', 8, '0', 'system', now(), null, null, null);
insert into sys_module_field_title (id, field_id, module_id, component_id, component_code, field_code, default_title, locale, display_title, placeholder, help_text, component_type, data_path, value_type, required_flag, sort, status, create_by, create_time, update_by, update_time, note) values (1011409, 1010409, 101, 10104, 'detail', 'totalAmount', '价税合计', 'zh_CN', null, null, null, 'amount', 'detail.totalAmount', 'decimal', '0', 9, '0', 'system', now(), null, null, null);
insert into sys_module_field_title (id, field_id, module_id, component_id, component_code, field_code, default_title, locale, display_title, placeholder, help_text, component_type, data_path, value_type, required_flag, sort, status, create_by, create_time, update_by, update_time, note) values (1011501, 1010501, 101, 10105, 'source', 'sourceBillNo', '来源单号', 'zh_CN', null, null, null, 'text', 'source.sourceBillNo', 'string', '0', 1, '0', 'system', now(), null, null, null);
insert into sys_module_field_title (id, field_id, module_id, component_id, component_code, field_code, default_title, locale, display_title, placeholder, help_text, component_type, data_path, value_type, required_flag, sort, status, create_by, create_time, update_by, update_time, note) values (1011502, 1010502, 101, 10105, 'source', 'sourceType', '来源类型', 'zh_CN', null, null, null, 'text', 'source.sourceType', 'string', '0', 2, '0', 'system', now(), null, null, null);
insert into sys_module_field_title (id, field_id, module_id, component_id, component_code, field_code, default_title, locale, display_title, placeholder, help_text, component_type, data_path, value_type, required_flag, sort, status, create_by, create_time, update_by, update_time, note) values (1011503, 1010503, 101, 10105, 'source', 'supplierName', '供应商', 'zh_CN', null, null, null, 'text', 'source.supplierName', 'string', '0', 3, '0', 'system', now(), null, null, null);
insert into sys_module_field_title (id, field_id, module_id, component_id, component_code, field_code, default_title, locale, display_title, placeholder, help_text, component_type, data_path, value_type, required_flag, sort, status, create_by, create_time, update_by, update_time, note) values (1011504, 1010504, 101, 10105, 'source', 'billDate', '单据日期', 'zh_CN', null, null, null, 'date', 'source.billDate', 'date', '0', 4, '0', 'system', now(), null, null, null);
insert into sys_module_field_title (id, field_id, module_id, component_id, component_code, field_code, default_title, locale, display_title, placeholder, help_text, component_type, data_path, value_type, required_flag, sort, status, create_by, create_time, update_by, update_time, note) values (1011505, 1010505, 101, 10105, 'source', 'totalAmount', '价税合计', 'zh_CN', null, null, null, 'amount', 'source.totalAmount', 'decimal', '0', 5, '0', 'system', now(), null, null, null);
insert into sys_module_field_title (id, field_id, module_id, component_id, component_code, field_code, default_title, locale, display_title, placeholder, help_text, component_type, data_path, value_type, required_flag, sort, status, create_by, create_time, update_by, update_time, note) values (1011506, 1010506, 101, 10105, 'source', 'status', '状态', 'zh_CN', null, null, null, 'tag', 'source.status', 'string', '0', 6, '0', 'system', now(), null, null, null);
insert into sys_module_field_title (id, field_id, module_id, component_id, component_code, field_code, default_title, locale, display_title, placeholder, help_text, component_type, data_path, value_type, required_flag, sort, status, create_by, create_time, update_by, update_time, note) values (1011507, 1010507, 101, 10105, 'source', 'remark', '备注', 'zh_CN', null, null, null, 'text', 'source.remark', 'string', '0', 7, '0', 'system', now(), null, null, null);
insert into sys_module_field_title (id, field_id, module_id, component_id, component_code, field_code, default_title, locale, display_title, placeholder, help_text, component_type, data_path, value_type, required_flag, sort, status, create_by, create_time, update_by, update_time, note) values (1011601, 1010601, 101, 10106, 'attachment', 'fileName', '文件名称', 'zh_CN', null, null, null, 'text', 'attachment.fileName', 'string', '0', 1, '0', 'system', now(), null, null, null);
insert into sys_module_field_title (id, field_id, module_id, component_id, component_code, field_code, default_title, locale, display_title, placeholder, help_text, component_type, data_path, value_type, required_flag, sort, status, create_by, create_time, update_by, update_time, note) values (1011602, 1010602, 101, 10106, 'attachment', 'fileType', '文件类型', 'zh_CN', null, null, null, 'text', 'attachment.fileType', 'string', '0', 2, '0', 'system', now(), null, null, null);
insert into sys_module_field_title (id, field_id, module_id, component_id, component_code, field_code, default_title, locale, display_title, placeholder, help_text, component_type, data_path, value_type, required_flag, sort, status, create_by, create_time, update_by, update_time, note) values (1011603, 1010603, 101, 10106, 'attachment', 'fileSize', '文件大小', 'zh_CN', null, null, null, 'text', 'attachment.fileSize', 'string', '0', 3, '0', 'system', now(), null, null, null);
insert into sys_module_field_title (id, field_id, module_id, component_id, component_code, field_code, default_title, locale, display_title, placeholder, help_text, component_type, data_path, value_type, required_flag, sort, status, create_by, create_time, update_by, update_time, note) values (1011604, 1010604, 101, 10106, 'attachment', 'uploadUser', '上传人', 'zh_CN', null, null, null, 'text', 'attachment.uploadUser', 'string', '0', 4, '0', 'system', now(), null, null, null);
insert into sys_module_field_title (id, field_id, module_id, component_id, component_code, field_code, default_title, locale, display_title, placeholder, help_text, component_type, data_path, value_type, required_flag, sort, status, create_by, create_time, update_by, update_time, note) values (1011605, 1010605, 101, 10106, 'attachment', 'uploadTime', '上传时间', 'zh_CN', null, null, null, 'datetime', 'attachment.uploadTime', 'datetime', '0', 5, '0', 'system', now(), null, null, null);
insert into sys_module_field_title (id, field_id, module_id, component_id, component_code, field_code, default_title, locale, display_title, placeholder, help_text, component_type, data_path, value_type, required_flag, sort, status, create_by, create_time, update_by, update_time, note) values (1011606, 1010606, 101, 10106, 'attachment', 'remark', '备注', 'zh_CN', null, null, null, 'text', 'attachment.remark', 'string', '0', 6, '0', 'system', now(), null, null, null);

insert into sys_module_component (id, module_id, component_code, component_name, sort, status, create_by, create_time, update_by, update_time, note) values (30101, 301, 'user_form', '用户表单', 1, '0', 'system', now(), null, null, null);
insert into sys_module_component (id, module_id, component_code, component_name, sort, status, create_by, create_time, update_by, update_time, note) values (30301, 303, 'module_form', '模块表单', 1, '0', 'system', now(), null, null, null);
insert into sys_module_component (id, module_id, component_code, component_name, sort, status, create_by, create_time, update_by, update_time, note) values (30401, 304, 'org_form', '组织表单', 1, '0', 'system', now(), null, null, null);
insert into sys_module_component (id, module_id, component_code, component_name, sort, status, create_by, create_time, update_by, update_time, note) values (30402, 304, 'post_form', '岗位表单', 2, '0', 'system', now(), null, null, null);

insert into sys_module_field (id, module_id, component_id, field_code, default_title, component_type, data_path, value_type, required_flag, sort, status, create_by, create_time, update_by, update_time, note) values (3010101, 301, 30101, 'username', '用户名称', 'input', 'form.username', 'string', '1', 1, '0', 'system', now(), null, null, null);
insert into sys_module_field (id, module_id, component_id, field_code, default_title, component_type, data_path, value_type, required_flag, sort, status, create_by, create_time, update_by, update_time, note) values (3010102, 301, 30101, 'password', '用户密码', 'input', 'form.password', 'string', '1', 2, '0', 'system', now(), null, null, '仅新增模式展示');
insert into sys_module_field (id, module_id, component_id, field_code, default_title, component_type, data_path, value_type, required_flag, sort, status, create_by, create_time, update_by, update_time, note) values (3010103, 301, 30101, 'nickname', '用户昵称', 'input', 'form.nickname', 'string', '0', 3, '0', 'system', now(), null, null, null);
insert into sys_module_field (id, module_id, component_id, field_code, default_title, component_type, data_path, value_type, required_flag, sort, status, create_by, create_time, update_by, update_time, note) values (3010104, 301, 30101, 'email', '用户邮箱', 'input', 'form.email', 'string', '0', 4, '0', 'system', now(), null, null, null);
insert into sys_module_field (id, module_id, component_id, field_code, default_title, component_type, data_path, value_type, required_flag, sort, status, create_by, create_time, update_by, update_time, note) values (3010105, 301, 30101, 'phone', '手机号码', 'input', 'form.phone', 'string', '0', 5, '0', 'system', now(), null, null, null);
insert into sys_module_field (id, module_id, component_id, field_code, default_title, component_type, data_path, value_type, required_flag, sort, status, create_by, create_time, update_by, update_time, note) values (3010106, 301, 30101, 'sex', '性别', 'radio', 'form.sex', 'string', '0', 6, '0', 'system', now(), null, null, null);
insert into sys_module_field (id, module_id, component_id, field_code, default_title, component_type, data_path, value_type, required_flag, sort, status, create_by, create_time, update_by, update_time, note) values (3010107, 301, 30101, 'type', '类型', 'radio', 'form.type', 'string', '0', 7, '0', 'system', now(), null, null, null);
insert into sys_module_field (id, module_id, component_id, field_code, default_title, component_type, data_path, value_type, required_flag, sort, status, create_by, create_time, update_by, update_time, note) values (3010108, 301, 30101, 'status', '状态', 'radio', 'form.status', 'string', '0', 8, '0', 'system', now(), null, null, null);

insert into sys_module_field (id, module_id, component_id, field_code, default_title, component_type, data_path, value_type, required_flag, sort, status, create_by, create_time, update_by, update_time, note) values (3030101, 303, 30301, 'parentId', '上级模块', 'tree-select', 'form.parentId', 'long', '1', 1, '0', 'system', now(), null, null, null);
insert into sys_module_field (id, module_id, component_id, field_code, default_title, component_type, data_path, value_type, required_flag, sort, status, create_by, create_time, update_by, update_time, note) values (3030102, 303, 30301, 'moduleName', '模块名称', 'input', 'form.moduleName', 'string', '1', 2, '0', 'system', now(), null, null, null);
insert into sys_module_field (id, module_id, component_id, field_code, default_title, component_type, data_path, value_type, required_flag, sort, status, create_by, create_time, update_by, update_time, note) values (3030103, 303, 30301, 'moduleCode', '模块编码', 'input', 'form.moduleCode', 'string', '1', 3, '0', 'system', now(), null, null, null);
insert into sys_module_field (id, module_id, component_id, field_code, default_title, component_type, data_path, value_type, required_flag, sort, status, create_by, create_time, update_by, update_time, note) values (3030104, 303, 30301, 'moduleType', '模块类型', 'select', 'form.moduleType', 'string', '1', 4, '0', 'system', now(), null, null, null);
insert into sys_module_field (id, module_id, component_id, field_code, default_title, component_type, data_path, value_type, required_flag, sort, status, create_by, create_time, update_by, update_time, note) values (3030105, 303, 30301, 'routePath', '路由地址', 'input', 'form.routePath', 'string', '0', 5, '0', 'system', now(), null, null, null);
insert into sys_module_field (id, module_id, component_id, field_code, default_title, component_type, data_path, value_type, required_flag, sort, status, create_by, create_time, update_by, update_time, note) values (3030106, 303, 30301, 'componentPath', '组件路径', 'input', 'form.componentPath', 'string', '0', 6, '0', 'system', now(), null, null, null);
insert into sys_module_field (id, module_id, component_id, field_code, default_title, component_type, data_path, value_type, required_flag, sort, status, create_by, create_time, update_by, update_time, note) values (3030107, 303, 30301, 'icon', '图标', 'input', 'form.icon', 'string', '0', 7, '0', 'system', now(), null, null, null);
insert into sys_module_field (id, module_id, component_id, field_code, default_title, component_type, data_path, value_type, required_flag, sort, status, create_by, create_time, update_by, update_time, note) values (3030108, 303, 30301, 'sort', '排序', 'number', 'form.sort', 'int', '0', 8, '0', 'system', now(), null, null, null);
insert into sys_module_field (id, module_id, component_id, field_code, default_title, component_type, data_path, value_type, required_flag, sort, status, create_by, create_time, update_by, update_time, note) values (3030109, 303, 30301, 'navVisible', '导航可见', 'select', 'form.navVisible', 'string', '0', 9, '0', 'system', now(), null, null, null);
insert into sys_module_field (id, module_id, component_id, field_code, default_title, component_type, data_path, value_type, required_flag, sort, status, create_by, create_time, update_by, update_time, note) values (3030110, 303, 30301, 'status', '模块状态', 'select', 'form.status', 'string', '1', 10, '0', 'system', now(), null, null, null);
insert into sys_module_field (id, module_id, component_id, field_code, default_title, component_type, data_path, value_type, required_flag, sort, status, create_by, create_time, update_by, update_time, note) values (3030111, 303, 30301, 'statefulFlag', '状态型模块', 'select', 'form.statefulFlag', 'string', '0', 11, '0', 'system', now(), null, null, null);
insert into sys_module_field (id, module_id, component_id, field_code, default_title, component_type, data_path, value_type, required_flag, sort, status, create_by, create_time, update_by, update_time, note) values (3030112, 303, 30301, 'stateFieldCode', '状态字段', 'input', 'form.stateFieldCode', 'string', '0', 12, '0', 'system', now(), null, null, null);
insert into sys_module_field (id, module_id, component_id, field_code, default_title, component_type, data_path, value_type, required_flag, sort, status, create_by, create_time, update_by, update_time, note) values (3030113, 303, 30301, 'note', '模块说明', 'textarea', 'form.note', 'string', '0', 13, '0', 'system', now(), null, null, null);

insert into sys_module_field (id, module_id, component_id, field_code, default_title, component_type, data_path, value_type, required_flag, sort, status, create_by, create_time, update_by, update_time, note) values (3040101, 304, 30401, 'orgParentNodeKey', '上级组织', 'tree-select', 'orgForm.parentNodeKey', 'string', '1', 1, '0', 'system', now(), null, null, null);
insert into sys_module_field (id, module_id, component_id, field_code, default_title, component_type, data_path, value_type, required_flag, sort, status, create_by, create_time, update_by, update_time, note) values (3040102, 304, 30401, 'orgName', '分公司名称', 'input', 'orgForm.orgName', 'string', '1', 2, '0', 'system', now(), null, null, null);
insert into sys_module_field (id, module_id, component_id, field_code, default_title, component_type, data_path, value_type, required_flag, sort, status, create_by, create_time, update_by, update_time, note) values (3040103, 304, 30401, 'orgCode', '分公司编码', 'input', 'orgForm.orgCode', 'string', '1', 3, '0', 'system', now(), null, null, null);
insert into sys_module_field (id, module_id, component_id, field_code, default_title, component_type, data_path, value_type, required_flag, sort, status, create_by, create_time, update_by, update_time, note) values (3040104, 304, 30401, 'leaderUserId', '负责人', 'search-select', 'orgForm.leaderUserId', 'long', '0', 4, '0', 'system', now(), null, null, null);
insert into sys_module_field (id, module_id, component_id, field_code, default_title, component_type, data_path, value_type, required_flag, sort, status, create_by, create_time, update_by, update_time, note) values (3040105, 304, 30401, 'orgSort', '显示顺序', 'number', 'orgForm.sort', 'int', '0', 5, '0', 'system', now(), null, null, null);
insert into sys_module_field (id, module_id, component_id, field_code, default_title, component_type, data_path, value_type, required_flag, sort, status, create_by, create_time, update_by, update_time, note) values (3040106, 304, 30401, 'orgStatus', '状态', 'select', 'orgForm.status', 'string', '1', 6, '0', 'system', now(), null, null, null);
insert into sys_module_field (id, module_id, component_id, field_code, default_title, component_type, data_path, value_type, required_flag, sort, status, create_by, create_time, update_by, update_time, note) values (3040107, 304, 30401, 'orgNote', '说明', 'textarea', 'orgForm.note', 'string', '0', 7, '0', 'system', now(), null, null, null);
insert into sys_module_field (id, module_id, component_id, field_code, default_title, component_type, data_path, value_type, required_flag, sort, status, create_by, create_time, update_by, update_time, note) values (3040201, 304, 30402, 'postParentNodeKey', '上级节点', 'tree-select', 'postForm.parentNodeKey', 'string', '1', 1, '0', 'system', now(), null, null, null);
insert into sys_module_field (id, module_id, component_id, field_code, default_title, component_type, data_path, value_type, required_flag, sort, status, create_by, create_time, update_by, update_time, note) values (3040202, 304, 30402, 'postName', '岗位名称', 'input', 'postForm.postName', 'string', '1', 2, '0', 'system', now(), null, null, null);
insert into sys_module_field (id, module_id, component_id, field_code, default_title, component_type, data_path, value_type, required_flag, sort, status, create_by, create_time, update_by, update_time, note) values (3040203, 304, 30402, 'postCode', '岗位编码', 'input', 'postForm.postCode', 'string', '1', 3, '0', 'system', now(), null, null, null);
insert into sys_module_field (id, module_id, component_id, field_code, default_title, component_type, data_path, value_type, required_flag, sort, status, create_by, create_time, update_by, update_time, note) values (3040204, 304, 30402, 'postType', '岗位类型', 'select', 'postForm.postType', 'string', '1', 4, '0', 'system', now(), null, null, null);
insert into sys_module_field (id, module_id, component_id, field_code, default_title, component_type, data_path, value_type, required_flag, sort, status, create_by, create_time, update_by, update_time, note) values (3040205, 304, 30402, 'managerUserId', '岗位负责人', 'search-select', 'postForm.managerUserId', 'long', '0', 5, '0', 'system', now(), null, null, null);
insert into sys_module_field (id, module_id, component_id, field_code, default_title, component_type, data_path, value_type, required_flag, sort, status, create_by, create_time, update_by, update_time, note) values (3040206, 304, 30402, 'postSort', '显示顺序', 'number', 'postForm.sort', 'int', '0', 6, '0', 'system', now(), null, null, null);
insert into sys_module_field (id, module_id, component_id, field_code, default_title, component_type, data_path, value_type, required_flag, sort, status, create_by, create_time, update_by, update_time, note) values (3040207, 304, 30402, 'postStatus', '岗位状态', 'select', 'postForm.status', 'string', '1', 7, '0', 'system', now(), null, null, null);
insert into sys_module_field (id, module_id, component_id, field_code, default_title, component_type, data_path, value_type, required_flag, sort, status, create_by, create_time, update_by, update_time, note) values (3040208, 304, 30402, 'postNote', '岗位说明', 'textarea', 'postForm.note', 'string', '0', 8, '0', 'system', now(), null, null, null);

insert into sys_module_field_title (id, field_id, module_id, component_id, component_code, field_code, default_title, locale, display_title, placeholder, help_text, component_type, data_path, value_type, required_flag, sort, status, create_by, create_time, update_by, update_time, note) values (3011101, 3010101, 301, 30101, 'user_form', 'username', '用户名称', 'zh_CN', null, null, null, 'input', 'form.username', 'string', '1', 1, '0', 'system', now(), null, null, null);
insert into sys_module_field_title (id, field_id, module_id, component_id, component_code, field_code, default_title, locale, display_title, placeholder, help_text, component_type, data_path, value_type, required_flag, sort, status, create_by, create_time, update_by, update_time, note) values (3011102, 3010102, 301, 30101, 'user_form', 'password', '用户密码', 'zh_CN', null, null, null, 'input', 'form.password', 'string', '1', 2, '0', 'system', now(), null, null, '仅新增模式展示');
insert into sys_module_field_title (id, field_id, module_id, component_id, component_code, field_code, default_title, locale, display_title, placeholder, help_text, component_type, data_path, value_type, required_flag, sort, status, create_by, create_time, update_by, update_time, note) values (3011103, 3010103, 301, 30101, 'user_form', 'nickname', '用户昵称', 'zh_CN', null, null, null, 'input', 'form.nickname', 'string', '0', 3, '0', 'system', now(), null, null, null);
insert into sys_module_field_title (id, field_id, module_id, component_id, component_code, field_code, default_title, locale, display_title, placeholder, help_text, component_type, data_path, value_type, required_flag, sort, status, create_by, create_time, update_by, update_time, note) values (3011104, 3010104, 301, 30101, 'user_form', 'email', '用户邮箱', 'zh_CN', null, null, null, 'input', 'form.email', 'string', '0', 4, '0', 'system', now(), null, null, null);
insert into sys_module_field_title (id, field_id, module_id, component_id, component_code, field_code, default_title, locale, display_title, placeholder, help_text, component_type, data_path, value_type, required_flag, sort, status, create_by, create_time, update_by, update_time, note) values (3011105, 3010105, 301, 30101, 'user_form', 'phone', '手机号码', 'zh_CN', null, null, null, 'input', 'form.phone', 'string', '0', 5, '0', 'system', now(), null, null, null);
insert into sys_module_field_title (id, field_id, module_id, component_id, component_code, field_code, default_title, locale, display_title, placeholder, help_text, component_type, data_path, value_type, required_flag, sort, status, create_by, create_time, update_by, update_time, note) values (3011106, 3010106, 301, 30101, 'user_form', 'sex', '性别', 'zh_CN', null, null, null, 'radio', 'form.sex', 'string', '0', 6, '0', 'system', now(), null, null, null);
insert into sys_module_field_title (id, field_id, module_id, component_id, component_code, field_code, default_title, locale, display_title, placeholder, help_text, component_type, data_path, value_type, required_flag, sort, status, create_by, create_time, update_by, update_time, note) values (3011107, 3010107, 301, 30101, 'user_form', 'type', '类型', 'zh_CN', null, null, null, 'radio', 'form.type', 'string', '0', 7, '0', 'system', now(), null, null, null);
insert into sys_module_field_title (id, field_id, module_id, component_id, component_code, field_code, default_title, locale, display_title, placeholder, help_text, component_type, data_path, value_type, required_flag, sort, status, create_by, create_time, update_by, update_time, note) values (3011108, 3010108, 301, 30101, 'user_form', 'status', '状态', 'zh_CN', null, null, null, 'radio', 'form.status', 'string', '0', 8, '0', 'system', now(), null, null, null);

insert into sys_module_field_title (id, field_id, module_id, component_id, component_code, field_code, default_title, locale, display_title, placeholder, help_text, component_type, data_path, value_type, required_flag, sort, status, create_by, create_time, update_by, update_time, note) values (3031101, 3030101, 303, 30301, 'module_form', 'parentId', '上级模块', 'zh_CN', null, null, null, 'tree-select', 'form.parentId', 'long', '1', 1, '0', 'system', now(), null, null, null);
insert into sys_module_field_title (id, field_id, module_id, component_id, component_code, field_code, default_title, locale, display_title, placeholder, help_text, component_type, data_path, value_type, required_flag, sort, status, create_by, create_time, update_by, update_time, note) values (3031102, 3030102, 303, 30301, 'module_form', 'moduleName', '模块名称', 'zh_CN', null, null, null, 'input', 'form.moduleName', 'string', '1', 2, '0', 'system', now(), null, null, null);
insert into sys_module_field_title (id, field_id, module_id, component_id, component_code, field_code, default_title, locale, display_title, placeholder, help_text, component_type, data_path, value_type, required_flag, sort, status, create_by, create_time, update_by, update_time, note) values (3031103, 3030103, 303, 30301, 'module_form', 'moduleCode', '模块编码', 'zh_CN', null, null, null, 'input', 'form.moduleCode', 'string', '1', 3, '0', 'system', now(), null, null, null);
insert into sys_module_field_title (id, field_id, module_id, component_id, component_code, field_code, default_title, locale, display_title, placeholder, help_text, component_type, data_path, value_type, required_flag, sort, status, create_by, create_time, update_by, update_time, note) values (3031104, 3030104, 303, 30301, 'module_form', 'moduleType', '模块类型', 'zh_CN', null, null, null, 'select', 'form.moduleType', 'string', '1', 4, '0', 'system', now(), null, null, null);
insert into sys_module_field_title (id, field_id, module_id, component_id, component_code, field_code, default_title, locale, display_title, placeholder, help_text, component_type, data_path, value_type, required_flag, sort, status, create_by, create_time, update_by, update_time, note) values (3031105, 3030105, 303, 30301, 'module_form', 'routePath', '路由地址', 'zh_CN', null, null, null, 'input', 'form.routePath', 'string', '0', 5, '0', 'system', now(), null, null, null);
insert into sys_module_field_title (id, field_id, module_id, component_id, component_code, field_code, default_title, locale, display_title, placeholder, help_text, component_type, data_path, value_type, required_flag, sort, status, create_by, create_time, update_by, update_time, note) values (3031106, 3030106, 303, 30301, 'module_form', 'componentPath', '组件路径', 'zh_CN', null, null, null, 'input', 'form.componentPath', 'string', '0', 6, '0', 'system', now(), null, null, null);
insert into sys_module_field_title (id, field_id, module_id, component_id, component_code, field_code, default_title, locale, display_title, placeholder, help_text, component_type, data_path, value_type, required_flag, sort, status, create_by, create_time, update_by, update_time, note) values (3031107, 3030107, 303, 30301, 'module_form', 'icon', '图标', 'zh_CN', null, null, null, 'input', 'form.icon', 'string', '0', 7, '0', 'system', now(), null, null, null);
insert into sys_module_field_title (id, field_id, module_id, component_id, component_code, field_code, default_title, locale, display_title, placeholder, help_text, component_type, data_path, value_type, required_flag, sort, status, create_by, create_time, update_by, update_time, note) values (3031108, 3030108, 303, 30301, 'module_form', 'sort', '排序', 'zh_CN', null, null, null, 'number', 'form.sort', 'int', '0', 8, '0', 'system', now(), null, null, null);
insert into sys_module_field_title (id, field_id, module_id, component_id, component_code, field_code, default_title, locale, display_title, placeholder, help_text, component_type, data_path, value_type, required_flag, sort, status, create_by, create_time, update_by, update_time, note) values (3031109, 3030109, 303, 30301, 'module_form', 'navVisible', '导航可见', 'zh_CN', null, null, null, 'select', 'form.navVisible', 'string', '0', 9, '0', 'system', now(), null, null, null);
insert into sys_module_field_title (id, field_id, module_id, component_id, component_code, field_code, default_title, locale, display_title, placeholder, help_text, component_type, data_path, value_type, required_flag, sort, status, create_by, create_time, update_by, update_time, note) values (3031110, 3030110, 303, 30301, 'module_form', 'status', '模块状态', 'zh_CN', null, null, null, 'select', 'form.status', 'string', '1', 10, '0', 'system', now(), null, null, null);
insert into sys_module_field_title (id, field_id, module_id, component_id, component_code, field_code, default_title, locale, display_title, placeholder, help_text, component_type, data_path, value_type, required_flag, sort, status, create_by, create_time, update_by, update_time, note) values (3031111, 3030111, 303, 30301, 'module_form', 'statefulFlag', '状态型模块', 'zh_CN', null, null, null, 'select', 'form.statefulFlag', 'string', '0', 11, '0', 'system', now(), null, null, null);
insert into sys_module_field_title (id, field_id, module_id, component_id, component_code, field_code, default_title, locale, display_title, placeholder, help_text, component_type, data_path, value_type, required_flag, sort, status, create_by, create_time, update_by, update_time, note) values (3031112, 3030112, 303, 30301, 'module_form', 'stateFieldCode', '状态字段', 'zh_CN', null, null, null, 'input', 'form.stateFieldCode', 'string', '0', 12, '0', 'system', now(), null, null, null);
insert into sys_module_field_title (id, field_id, module_id, component_id, component_code, field_code, default_title, locale, display_title, placeholder, help_text, component_type, data_path, value_type, required_flag, sort, status, create_by, create_time, update_by, update_time, note) values (3031113, 3030113, 303, 30301, 'module_form', 'note', '模块说明', 'zh_CN', null, null, null, 'textarea', 'form.note', 'string', '0', 13, '0', 'system', now(), null, null, null);

insert into sys_module_field_title (id, field_id, module_id, component_id, component_code, field_code, default_title, locale, display_title, placeholder, help_text, component_type, data_path, value_type, required_flag, sort, status, create_by, create_time, update_by, update_time, note) values (3041101, 3040101, 304, 30401, 'org_form', 'orgParentNodeKey', '上级组织', 'zh_CN', null, null, null, 'tree-select', 'orgForm.parentNodeKey', 'string', '1', 1, '0', 'system', now(), null, null, null);
insert into sys_module_field_title (id, field_id, module_id, component_id, component_code, field_code, default_title, locale, display_title, placeholder, help_text, component_type, data_path, value_type, required_flag, sort, status, create_by, create_time, update_by, update_time, note) values (3041102, 3040102, 304, 30401, 'org_form', 'orgName', '分公司名称', 'zh_CN', null, null, null, 'input', 'orgForm.orgName', 'string', '1', 2, '0', 'system', now(), null, null, null);
insert into sys_module_field_title (id, field_id, module_id, component_id, component_code, field_code, default_title, locale, display_title, placeholder, help_text, component_type, data_path, value_type, required_flag, sort, status, create_by, create_time, update_by, update_time, note) values (3041103, 3040103, 304, 30401, 'org_form', 'orgCode', '分公司编码', 'zh_CN', null, null, null, 'input', 'orgForm.orgCode', 'string', '1', 3, '0', 'system', now(), null, null, null);
insert into sys_module_field_title (id, field_id, module_id, component_id, component_code, field_code, default_title, locale, display_title, placeholder, help_text, component_type, data_path, value_type, required_flag, sort, status, create_by, create_time, update_by, update_time, note) values (3041104, 3040104, 304, 30401, 'org_form', 'leaderUserId', '负责人', 'zh_CN', null, null, null, 'search-select', 'orgForm.leaderUserId', 'long', '0', 4, '0', 'system', now(), null, null, null);
insert into sys_module_field_title (id, field_id, module_id, component_id, component_code, field_code, default_title, locale, display_title, placeholder, help_text, component_type, data_path, value_type, required_flag, sort, status, create_by, create_time, update_by, update_time, note) values (3041105, 3040105, 304, 30401, 'org_form', 'orgSort', '显示顺序', 'zh_CN', null, null, null, 'number', 'orgForm.sort', 'int', '0', 5, '0', 'system', now(), null, null, null);
insert into sys_module_field_title (id, field_id, module_id, component_id, component_code, field_code, default_title, locale, display_title, placeholder, help_text, component_type, data_path, value_type, required_flag, sort, status, create_by, create_time, update_by, update_time, note) values (3041106, 3040106, 304, 30401, 'org_form', 'orgStatus', '状态', 'zh_CN', null, null, null, 'select', 'orgForm.status', 'string', '1', 6, '0', 'system', now(), null, null, null);
insert into sys_module_field_title (id, field_id, module_id, component_id, component_code, field_code, default_title, locale, display_title, placeholder, help_text, component_type, data_path, value_type, required_flag, sort, status, create_by, create_time, update_by, update_time, note) values (3041107, 3040107, 304, 30401, 'org_form', 'orgNote', '说明', 'zh_CN', null, null, null, 'textarea', 'orgForm.note', 'string', '0', 7, '0', 'system', now(), null, null, null);
insert into sys_module_field_title (id, field_id, module_id, component_id, component_code, field_code, default_title, locale, display_title, placeholder, help_text, component_type, data_path, value_type, required_flag, sort, status, create_by, create_time, update_by, update_time, note) values (3041201, 3040201, 304, 30402, 'post_form', 'postParentNodeKey', '上级节点', 'zh_CN', null, null, null, 'tree-select', 'postForm.parentNodeKey', 'string', '1', 1, '0', 'system', now(), null, null, null);
insert into sys_module_field_title (id, field_id, module_id, component_id, component_code, field_code, default_title, locale, display_title, placeholder, help_text, component_type, data_path, value_type, required_flag, sort, status, create_by, create_time, update_by, update_time, note) values (3041202, 3040202, 304, 30402, 'post_form', 'postName', '岗位名称', 'zh_CN', null, null, null, 'input', 'postForm.postName', 'string', '1', 2, '0', 'system', now(), null, null, null);
insert into sys_module_field_title (id, field_id, module_id, component_id, component_code, field_code, default_title, locale, display_title, placeholder, help_text, component_type, data_path, value_type, required_flag, sort, status, create_by, create_time, update_by, update_time, note) values (3041203, 3040203, 304, 30402, 'post_form', 'postCode', '岗位编码', 'zh_CN', null, null, null, 'input', 'postForm.postCode', 'string', '1', 3, '0', 'system', now(), null, null, null);
insert into sys_module_field_title (id, field_id, module_id, component_id, component_code, field_code, default_title, locale, display_title, placeholder, help_text, component_type, data_path, value_type, required_flag, sort, status, create_by, create_time, update_by, update_time, note) values (3041204, 3040204, 304, 30402, 'post_form', 'postType', '岗位类型', 'zh_CN', null, null, null, 'select', 'postForm.postType', 'string', '1', 4, '0', 'system', now(), null, null, null);
insert into sys_module_field_title (id, field_id, module_id, component_id, component_code, field_code, default_title, locale, display_title, placeholder, help_text, component_type, data_path, value_type, required_flag, sort, status, create_by, create_time, update_by, update_time, note) values (3041205, 3040205, 304, 30402, 'post_form', 'managerUserId', '岗位负责人', 'zh_CN', null, null, null, 'search-select', 'postForm.managerUserId', 'long', '0', 5, '0', 'system', now(), null, null, null);
insert into sys_module_field_title (id, field_id, module_id, component_id, component_code, field_code, default_title, locale, display_title, placeholder, help_text, component_type, data_path, value_type, required_flag, sort, status, create_by, create_time, update_by, update_time, note) values (3041206, 3040206, 304, 30402, 'post_form', 'postSort', '显示顺序', 'zh_CN', null, null, null, 'number', 'postForm.sort', 'int', '0', 6, '0', 'system', now(), null, null, null);
insert into sys_module_field_title (id, field_id, module_id, component_id, component_code, field_code, default_title, locale, display_title, placeholder, help_text, component_type, data_path, value_type, required_flag, sort, status, create_by, create_time, update_by, update_time, note) values (3041207, 3040207, 304, 30402, 'post_form', 'postStatus', '岗位状态', 'zh_CN', null, null, null, 'select', 'postForm.status', 'string', '1', 7, '0', 'system', now(), null, null, null);
insert into sys_module_field_title (id, field_id, module_id, component_id, component_code, field_code, default_title, locale, display_title, placeholder, help_text, component_type, data_path, value_type, required_flag, sort, status, create_by, create_time, update_by, update_time, note) values (3041208, 3040208, 304, 30402, 'post_form', 'postNote', '岗位说明', 'zh_CN', null, null, null, 'textarea', 'postForm.note', 'string', '0', 8, '0', 'system', now(), null, null, null);

insert into sys_module_component (id, module_id, component_code, component_name, sort, status, create_by, create_time, update_by, update_time, note) values (30501, 305, 'module_auth', '模块授权', 1, '0', 'system', now(), null, null, null);
insert into sys_module_component (id, module_id, component_code, component_name, sort, status, create_by, create_time, update_by, update_time, note) values (30502, 305, 'button_permission', '按钮权限', 1, '0', 'system', now(), null, null, null);
insert into sys_module_component (id, module_id, component_code, component_name, sort, status, create_by, create_time, update_by, update_time, note) values (30503, 305, 'field_permission', '字段权限', 2, '0', 'system', now(), null, null, null);

insert into sys_module_field (id, module_id, component_id, field_code, default_title, component_type, data_path, value_type, required_flag, sort, status, create_by, create_time, update_by, update_time, note) values (3050101, 305, 30501, 'moduleVisible', '模块可见', 'switch', 'config.moduleVisible', 'boolean', '0', 1, '0', 'system', now(), null, null, null);
insert into sys_module_field (id, module_id, component_id, field_code, default_title, component_type, data_path, value_type, required_flag, sort, status, create_by, create_time, update_by, update_time, note) values (3050102, 305, 30501, 'navVisible', '导航可见', 'switch', 'config.navVisible', 'boolean', '0', 2, '0', 'system', now(), null, null, null);
insert into sys_module_field (id, module_id, component_id, field_code, default_title, component_type, data_path, value_type, required_flag, sort, status, create_by, create_time, update_by, update_time, note) values (3050103, 305, 30501, 'moduleCode', '模块编码', 'text', 'config.moduleCode', 'string', '0', 3, '0', 'system', now(), null, null, null);
insert into sys_module_field (id, module_id, component_id, field_code, default_title, component_type, data_path, value_type, required_flag, sort, status, create_by, create_time, update_by, update_time, note) values (3050104, 305, 30501, 'routePath', '路由地址', 'text', 'config.routePath', 'string', '0', 4, '0', 'system', now(), null, null, null);
insert into sys_module_field (id, module_id, component_id, field_code, default_title, component_type, data_path, value_type, required_flag, sort, status, create_by, create_time, update_by, update_time, note) values (3050201, 305, 30502, 'buttonCode', '按钮编码', 'text', 'detail.buttons.buttonCode', 'string', '0', 1, '0', 'system', now(), null, null, null);
insert into sys_module_field (id, module_id, component_id, field_code, default_title, component_type, data_path, value_type, required_flag, sort, status, create_by, create_time, update_by, update_time, note) values (3050202, 305, 30502, 'buttonTitle', '按钮标题', 'text', 'detail.buttons.defaultTitle', 'string', '0', 2, '0', 'system', now(), null, null, null);
insert into sys_module_field (id, module_id, component_id, field_code, default_title, component_type, data_path, value_type, required_flag, sort, status, create_by, create_time, update_by, update_time, note) values (3050203, 305, 30502, 'buttonPermissionLevel', '权限级别', 'select', 'detail.buttons.permissionLevel', 'int', '0', 3, '0', 'system', now(), null, null, null);
insert into sys_module_field (id, module_id, component_id, field_code, default_title, component_type, data_path, value_type, required_flag, sort, status, create_by, create_time, update_by, update_time, note) values (3050204, 305, 30502, 'buttonNote', '说明', 'text', 'detail.buttons.note', 'string', '0', 4, '0', 'system', now(), null, null, null);
insert into sys_module_field (id, module_id, component_id, field_code, default_title, component_type, data_path, value_type, required_flag, sort, status, create_by, create_time, update_by, update_time, note) values (3050301, 305, 30503, 'authFieldCode', '字段编码', 'text', 'detail.fields.fieldCode', 'string', '0', 1, '0', 'system', now(), null, null, null);
insert into sys_module_field (id, module_id, component_id, field_code, default_title, component_type, data_path, value_type, required_flag, sort, status, create_by, create_time, update_by, update_time, note) values (3050302, 305, 30503, 'authFieldTitle', '字段标题', 'text', 'detail.fields.displayTitle', 'string', '0', 2, '0', 'system', now(), null, null, null);
insert into sys_module_field (id, module_id, component_id, field_code, default_title, component_type, data_path, value_type, required_flag, sort, status, create_by, create_time, update_by, update_time, note) values (3050303, 305, 30503, 'authFieldPath', '数据路径', 'text', 'detail.fields.dataPath', 'string', '0', 3, '0', 'system', now(), null, null, null);
insert into sys_module_field (id, module_id, component_id, field_code, default_title, component_type, data_path, value_type, required_flag, sort, status, create_by, create_time, update_by, update_time, note) values (3050304, 305, 30503, 'fieldPermissionLevel', '权限级别', 'select', 'detail.fields.permissionLevel', 'int', '0', 4, '0', 'system', now(), null, null, null);

insert into sys_module_field_title (id, field_id, module_id, component_id, component_code, field_code, default_title, locale, display_title, placeholder, help_text, component_type, data_path, value_type, required_flag, sort, status, create_by, create_time, update_by, update_time, note) values (3051101, 3050101, 305, 30501, 'module_auth', 'moduleVisible', '模块可见', 'zh_CN', null, null, null, 'switch', 'config.moduleVisible', 'boolean', '0', 1, '0', 'system', now(), null, null, null);
insert into sys_module_field_title (id, field_id, module_id, component_id, component_code, field_code, default_title, locale, display_title, placeholder, help_text, component_type, data_path, value_type, required_flag, sort, status, create_by, create_time, update_by, update_time, note) values (3051102, 3050102, 305, 30501, 'module_auth', 'navVisible', '导航可见', 'zh_CN', null, null, null, 'switch', 'config.navVisible', 'boolean', '0', 2, '0', 'system', now(), null, null, null);
insert into sys_module_field_title (id, field_id, module_id, component_id, component_code, field_code, default_title, locale, display_title, placeholder, help_text, component_type, data_path, value_type, required_flag, sort, status, create_by, create_time, update_by, update_time, note) values (3051103, 3050103, 305, 30501, 'module_auth', 'moduleCode', '模块编码', 'zh_CN', null, null, null, 'text', 'config.moduleCode', 'string', '0', 3, '0', 'system', now(), null, null, null);
insert into sys_module_field_title (id, field_id, module_id, component_id, component_code, field_code, default_title, locale, display_title, placeholder, help_text, component_type, data_path, value_type, required_flag, sort, status, create_by, create_time, update_by, update_time, note) values (3051104, 3050104, 305, 30501, 'module_auth', 'routePath', '路由地址', 'zh_CN', null, null, null, 'text', 'config.routePath', 'string', '0', 4, '0', 'system', now(), null, null, null);
insert into sys_module_field_title (id, field_id, module_id, component_id, component_code, field_code, default_title, locale, display_title, placeholder, help_text, component_type, data_path, value_type, required_flag, sort, status, create_by, create_time, update_by, update_time, note) values (3051201, 3050201, 305, 30502, 'button_permission', 'buttonCode', '按钮编码', 'zh_CN', null, null, null, 'text', 'detail.buttons.buttonCode', 'string', '0', 1, '0', 'system', now(), null, null, null);
insert into sys_module_field_title (id, field_id, module_id, component_id, component_code, field_code, default_title, locale, display_title, placeholder, help_text, component_type, data_path, value_type, required_flag, sort, status, create_by, create_time, update_by, update_time, note) values (3051202, 3050202, 305, 30502, 'button_permission', 'buttonTitle', '按钮标题', 'zh_CN', null, null, null, 'text', 'detail.buttons.defaultTitle', 'string', '0', 2, '0', 'system', now(), null, null, null);
insert into sys_module_field_title (id, field_id, module_id, component_id, component_code, field_code, default_title, locale, display_title, placeholder, help_text, component_type, data_path, value_type, required_flag, sort, status, create_by, create_time, update_by, update_time, note) values (3051203, 3050203, 305, 30502, 'button_permission', 'buttonPermissionLevel', '权限级别', 'zh_CN', null, null, null, 'select', 'detail.buttons.permissionLevel', 'int', '0', 3, '0', 'system', now(), null, null, null);
insert into sys_module_field_title (id, field_id, module_id, component_id, component_code, field_code, default_title, locale, display_title, placeholder, help_text, component_type, data_path, value_type, required_flag, sort, status, create_by, create_time, update_by, update_time, note) values (3051204, 3050204, 305, 30502, 'button_permission', 'buttonNote', '说明', 'zh_CN', null, null, null, 'text', 'detail.buttons.note', 'string', '0', 4, '0', 'system', now(), null, null, null);
insert into sys_module_field_title (id, field_id, module_id, component_id, component_code, field_code, default_title, locale, display_title, placeholder, help_text, component_type, data_path, value_type, required_flag, sort, status, create_by, create_time, update_by, update_time, note) values (3051301, 3050301, 305, 30503, 'field_permission', 'authFieldCode', '字段编码', 'zh_CN', null, null, null, 'text', 'detail.fields.fieldCode', 'string', '0', 1, '0', 'system', now(), null, null, null);
insert into sys_module_field_title (id, field_id, module_id, component_id, component_code, field_code, default_title, locale, display_title, placeholder, help_text, component_type, data_path, value_type, required_flag, sort, status, create_by, create_time, update_by, update_time, note) values (3051302, 3050302, 305, 30503, 'field_permission', 'authFieldTitle', '字段标题', 'zh_CN', null, null, null, 'text', 'detail.fields.displayTitle', 'string', '0', 2, '0', 'system', now(), null, null, null);
insert into sys_module_field_title (id, field_id, module_id, component_id, component_code, field_code, default_title, locale, display_title, placeholder, help_text, component_type, data_path, value_type, required_flag, sort, status, create_by, create_time, update_by, update_time, note) values (3051303, 3050303, 305, 30503, 'field_permission', 'authFieldPath', '数据路径', 'zh_CN', null, null, null, 'text', 'detail.fields.dataPath', 'string', '0', 3, '0', 'system', now(), null, null, null);
insert into sys_module_field_title (id, field_id, module_id, component_id, component_code, field_code, default_title, locale, display_title, placeholder, help_text, component_type, data_path, value_type, required_flag, sort, status, create_by, create_time, update_by, update_time, note) values (3051304, 3050304, 305, 30503, 'field_permission', 'fieldPermissionLevel', '权限级别', 'zh_CN', null, null, null, 'select', 'detail.fields.permissionLevel', 'int', '0', 4, '0', 'system', now(), null, null, null);

insert into sys_module_component (id, module_id, component_code, component_name, sort, status, create_by, create_time, update_by, update_time, note) values (30601, 306, 'title_editor', '标题配置', 1, '0', 'system', now(), null, null, null);

insert into sys_module_field (id, module_id, component_id, field_code, default_title, component_type, data_path, value_type, required_flag, sort, status, create_by, create_time, update_by, update_time, note) values (3060101, 306, 30601, 'titleFieldCode', '字段编码', 'text', 'detail.fields.fieldCode', 'string', '0', 1, '0', 'system', now(), null, null, null);
insert into sys_module_field (id, module_id, component_id, field_code, default_title, component_type, data_path, value_type, required_flag, sort, status, create_by, create_time, update_by, update_time, note) values (3060102, 306, 30601, 'titleDefaultTitle', '默认标题', 'text', 'detail.fields.defaultTitle', 'string', '0', 2, '0', 'system', now(), null, null, null);
insert into sys_module_field (id, module_id, component_id, field_code, default_title, component_type, data_path, value_type, required_flag, sort, status, create_by, create_time, update_by, update_time, note) values (3060103, 306, 30601, 'titleDisplayTitle', '显示标题', 'input', 'detail.fields.displayTitle', 'string', '0', 3, '0', 'system', now(), null, null, null);
insert into sys_module_field (id, module_id, component_id, field_code, default_title, component_type, data_path, value_type, required_flag, sort, status, create_by, create_time, update_by, update_time, note) values (3060104, 306, 30601, 'titlePlaceholder', '占位提示', 'input', 'detail.fields.placeholder', 'string', '0', 4, '0', 'system', now(), null, null, null);
insert into sys_module_field (id, module_id, component_id, field_code, default_title, component_type, data_path, value_type, required_flag, sort, status, create_by, create_time, update_by, update_time, note) values (3060105, 306, 30601, 'titleHelpText', '帮助说明', 'input', 'detail.fields.helpText', 'string', '0', 5, '0', 'system', now(), null, null, null);
insert into sys_module_field (id, module_id, component_id, field_code, default_title, component_type, data_path, value_type, required_flag, sort, status, create_by, create_time, update_by, update_time, note) values (3060106, 306, 30601, 'titleStatus', '状态', 'tag', 'detail.fields.status', 'string', '0', 6, '0', 'system', now(), null, null, null);

insert into sys_module_field_title (id, field_id, module_id, component_id, component_code, field_code, default_title, locale, display_title, placeholder, help_text, component_type, data_path, value_type, required_flag, sort, status, create_by, create_time, update_by, update_time, note) values (3061101, 3060101, 306, 30601, 'title_editor', 'titleFieldCode', '字段编码', 'zh_CN', null, null, null, 'text', 'detail.fields.fieldCode', 'string', '0', 1, '0', 'system', now(), null, null, null);
insert into sys_module_field_title (id, field_id, module_id, component_id, component_code, field_code, default_title, locale, display_title, placeholder, help_text, component_type, data_path, value_type, required_flag, sort, status, create_by, create_time, update_by, update_time, note) values (3061102, 3060102, 306, 30601, 'title_editor', 'titleDefaultTitle', '默认标题', 'zh_CN', null, null, null, 'text', 'detail.fields.defaultTitle', 'string', '0', 2, '0', 'system', now(), null, null, null);
insert into sys_module_field_title (id, field_id, module_id, component_id, component_code, field_code, default_title, locale, display_title, placeholder, help_text, component_type, data_path, value_type, required_flag, sort, status, create_by, create_time, update_by, update_time, note) values (3061103, 3060103, 306, 30601, 'title_editor', 'titleDisplayTitle', '显示标题', 'zh_CN', null, null, null, 'input', 'detail.fields.displayTitle', 'string', '0', 3, '0', 'system', now(), null, null, null);
insert into sys_module_field_title (id, field_id, module_id, component_id, component_code, field_code, default_title, locale, display_title, placeholder, help_text, component_type, data_path, value_type, required_flag, sort, status, create_by, create_time, update_by, update_time, note) values (3061104, 3060104, 306, 30601, 'title_editor', 'titlePlaceholder', '占位提示', 'zh_CN', null, null, null, 'input', 'detail.fields.placeholder', 'string', '0', 4, '0', 'system', now(), null, null, null);
insert into sys_module_field_title (id, field_id, module_id, component_id, component_code, field_code, default_title, locale, display_title, placeholder, help_text, component_type, data_path, value_type, required_flag, sort, status, create_by, create_time, update_by, update_time, note) values (3061105, 3060105, 306, 30601, 'title_editor', 'titleHelpText', '帮助说明', 'zh_CN', null, null, null, 'input', 'detail.fields.helpText', 'string', '0', 5, '0', 'system', now(), null, null, null);
insert into sys_module_field_title (id, field_id, module_id, component_id, component_code, field_code, default_title, locale, display_title, placeholder, help_text, component_type, data_path, value_type, required_flag, sort, status, create_by, create_time, update_by, update_time, note) values (3061106, 3060106, 306, 30601, 'title_editor', 'titleStatus', '状态', 'zh_CN', null, null, null, 'tag', 'detail.fields.status', 'string', '0', 6, '0', 'system', now(), null, null, null);

insert into sys_module_component (id, module_id, component_code, component_name, sort, status, create_by, create_time, update_by, update_time, note) values (30701, 307, 'state_define', '状态定义', 1, '0', 'system', now(), null, null, null);
insert into sys_module_component (id, module_id, component_code, component_name, sort, status, create_by, create_time, update_by, update_time, note) values (30702, 307, 'transition_rule', '流转规则', 2, '0', 'system', now(), null, null, null);
insert into sys_module_component (id, module_id, component_code, component_name, sort, status, create_by, create_time, update_by, update_time, note) values (30703, 307, 'button_limit', '按钮限制', 3, '0', 'system', now(), null, null, null);
insert into sys_module_component (id, module_id, component_code, component_name, sort, status, create_by, create_time, update_by, update_time, note) values (30704, 307, 'field_limit', '字段限制', 4, '0', 'system', now(), null, null, null);

insert into sys_module_field (id, module_id, component_id, field_code, default_title, component_type, data_path, value_type, required_flag, sort, status, create_by, create_time, update_by, update_time, note) values (3070101, 307, 30701, 'stateCode', '状态编码', 'text', 'detail.states.stateCode', 'string', '0', 1, '0', 'system', now(), null, null, null);
insert into sys_module_field (id, module_id, component_id, field_code, default_title, component_type, data_path, value_type, required_flag, sort, status, create_by, create_time, update_by, update_time, note) values (3070102, 307, 30701, 'stateName', '状态名称', 'text', 'detail.states.stateName', 'string', '0', 2, '0', 'system', now(), null, null, null);
insert into sys_module_field (id, module_id, component_id, field_code, default_title, component_type, data_path, value_type, required_flag, sort, status, create_by, create_time, update_by, update_time, note) values (3070103, 307, 30701, 'isInitial', '初始状态', 'tag', 'detail.states.isInitial', 'string', '0', 3, '0', 'system', now(), null, null, null);
insert into sys_module_field (id, module_id, component_id, field_code, default_title, component_type, data_path, value_type, required_flag, sort, status, create_by, create_time, update_by, update_time, note) values (3070104, 307, 30701, 'isFinal', '终态标识', 'tag', 'detail.states.isFinal', 'string', '0', 4, '0', 'system', now(), null, null, null);
insert into sys_module_field (id, module_id, component_id, field_code, default_title, component_type, data_path, value_type, required_flag, sort, status, create_by, create_time, update_by, update_time, note) values (3070105, 307, 30701, 'stateSort', '排序', 'number', 'detail.states.sort', 'int', '0', 5, '0', 'system', now(), null, null, null);
insert into sys_module_field (id, module_id, component_id, field_code, default_title, component_type, data_path, value_type, required_flag, sort, status, create_by, create_time, update_by, update_time, note) values (3070106, 307, 30701, 'stateStatus', '状态', 'tag', 'detail.states.status', 'string', '0', 6, '0', 'system', now(), null, null, null);
insert into sys_module_field (id, module_id, component_id, field_code, default_title, component_type, data_path, value_type, required_flag, sort, status, create_by, create_time, update_by, update_time, note) values (3070107, 307, 30701, 'stateNote', '说明', 'text', 'detail.states.note', 'string', '0', 7, '0', 'system', now(), null, null, null);
insert into sys_module_field (id, module_id, component_id, field_code, default_title, component_type, data_path, value_type, required_flag, sort, status, create_by, create_time, update_by, update_time, note) values (3070201, 307, 30702, 'transitionActionButtonCode', '动作编码', 'text', 'detail.transitions.actionButtonCode', 'string', '0', 1, '0', 'system', now(), null, null, null);
insert into sys_module_field (id, module_id, component_id, field_code, default_title, component_type, data_path, value_type, required_flag, sort, status, create_by, create_time, update_by, update_time, note) values (3070202, 307, 30702, 'transitionActionButtonName', '动作名称', 'text', 'detail.transitions.actionButtonName', 'string', '0', 2, '0', 'system', now(), null, null, null);
insert into sys_module_field (id, module_id, component_id, field_code, default_title, component_type, data_path, value_type, required_flag, sort, status, create_by, create_time, update_by, update_time, note) values (3070203, 307, 30702, 'transitionFromStateCode', '来源状态', 'text', 'detail.transitions.fromStateCode', 'string', '0', 3, '0', 'system', now(), null, null, null);
insert into sys_module_field (id, module_id, component_id, field_code, default_title, component_type, data_path, value_type, required_flag, sort, status, create_by, create_time, update_by, update_time, note) values (3070204, 307, 30702, 'transitionToStateCode', '目标状态', 'text', 'detail.transitions.toStateCode', 'string', '0', 4, '0', 'system', now(), null, null, null);
insert into sys_module_field (id, module_id, component_id, field_code, default_title, component_type, data_path, value_type, required_flag, sort, status, create_by, create_time, update_by, update_time, note) values (3070205, 307, 30702, 'transitionSort', '排序', 'number', 'detail.transitions.sort', 'int', '0', 5, '0', 'system', now(), null, null, null);
insert into sys_module_field (id, module_id, component_id, field_code, default_title, component_type, data_path, value_type, required_flag, sort, status, create_by, create_time, update_by, update_time, note) values (3070206, 307, 30702, 'transitionStatus', '状态', 'tag', 'detail.transitions.status', 'string', '0', 6, '0', 'system', now(), null, null, null);
insert into sys_module_field (id, module_id, component_id, field_code, default_title, component_type, data_path, value_type, required_flag, sort, status, create_by, create_time, update_by, update_time, note) values (3070207, 307, 30702, 'transitionNote', '说明', 'text', 'detail.transitions.note', 'string', '0', 7, '0', 'system', now(), null, null, null);
insert into sys_module_field (id, module_id, component_id, field_code, default_title, component_type, data_path, value_type, required_flag, sort, status, create_by, create_time, update_by, update_time, note) values (3070301, 307, 30703, 'limitButtonCode', '按钮编码', 'text', 'detail.buttons.buttonCode', 'string', '0', 1, '0', 'system', now(), null, null, null);
insert into sys_module_field (id, module_id, component_id, field_code, default_title, component_type, data_path, value_type, required_flag, sort, status, create_by, create_time, update_by, update_time, note) values (3070302, 307, 30703, 'limitButtonTitle', '按钮标题', 'text', 'detail.buttons.defaultTitle', 'string', '0', 2, '0', 'system', now(), null, null, null);
insert into sys_module_field (id, module_id, component_id, field_code, default_title, component_type, data_path, value_type, required_flag, sort, status, create_by, create_time, update_by, update_time, note) values (3070303, 307, 30703, 'buttonLimitLevel', '状态限制', 'select', 'detail.buttons.permissionLevel', 'int', '0', 3, '0', 'system', now(), null, null, null);
insert into sys_module_field (id, module_id, component_id, field_code, default_title, component_type, data_path, value_type, required_flag, sort, status, create_by, create_time, update_by, update_time, note) values (3070304, 307, 30703, 'buttonLimitNote', '说明', 'text', 'detail.buttons.note', 'string', '0', 4, '0', 'system', now(), null, null, null);
insert into sys_module_field (id, module_id, component_id, field_code, default_title, component_type, data_path, value_type, required_flag, sort, status, create_by, create_time, update_by, update_time, note) values (3070401, 307, 30704, 'limitFieldCode', '字段编码', 'text', 'detail.fields.fieldCode', 'string', '0', 1, '0', 'system', now(), null, null, null);
insert into sys_module_field (id, module_id, component_id, field_code, default_title, component_type, data_path, value_type, required_flag, sort, status, create_by, create_time, update_by, update_time, note) values (3070402, 307, 30704, 'limitFieldTitle', '字段标题', 'text', 'detail.fields.displayTitle', 'string', '0', 2, '0', 'system', now(), null, null, null);
insert into sys_module_field (id, module_id, component_id, field_code, default_title, component_type, data_path, value_type, required_flag, sort, status, create_by, create_time, update_by, update_time, note) values (3070403, 307, 30704, 'limitFieldPath', '数据路径', 'text', 'detail.fields.dataPath', 'string', '0', 3, '0', 'system', now(), null, null, null);
insert into sys_module_field (id, module_id, component_id, field_code, default_title, component_type, data_path, value_type, required_flag, sort, status, create_by, create_time, update_by, update_time, note) values (3070404, 307, 30704, 'fieldLimitLevel', '状态限制', 'select', 'detail.fields.permissionLevel', 'int', '0', 4, '0', 'system', now(), null, null, null);

insert into sys_module_field_title (id, field_id, module_id, component_id, component_code, field_code, default_title, locale, display_title, placeholder, help_text, component_type, data_path, value_type, required_flag, sort, status, create_by, create_time, update_by, update_time, note) values (3071101, 3070101, 307, 30701, 'state_define', 'stateCode', '状态编码', 'zh_CN', null, null, null, 'text', 'detail.states.stateCode', 'string', '0', 1, '0', 'system', now(), null, null, null);
insert into sys_module_field_title (id, field_id, module_id, component_id, component_code, field_code, default_title, locale, display_title, placeholder, help_text, component_type, data_path, value_type, required_flag, sort, status, create_by, create_time, update_by, update_time, note) values (3071102, 3070102, 307, 30701, 'state_define', 'stateName', '状态名称', 'zh_CN', null, null, null, 'text', 'detail.states.stateName', 'string', '0', 2, '0', 'system', now(), null, null, null);
insert into sys_module_field_title (id, field_id, module_id, component_id, component_code, field_code, default_title, locale, display_title, placeholder, help_text, component_type, data_path, value_type, required_flag, sort, status, create_by, create_time, update_by, update_time, note) values (3071103, 3070103, 307, 30701, 'state_define', 'isInitial', '初始状态', 'zh_CN', null, null, null, 'tag', 'detail.states.isInitial', 'string', '0', 3, '0', 'system', now(), null, null, null);
insert into sys_module_field_title (id, field_id, module_id, component_id, component_code, field_code, default_title, locale, display_title, placeholder, help_text, component_type, data_path, value_type, required_flag, sort, status, create_by, create_time, update_by, update_time, note) values (3071104, 3070104, 307, 30701, 'state_define', 'isFinal', '终态标识', 'zh_CN', null, null, null, 'tag', 'detail.states.isFinal', 'string', '0', 4, '0', 'system', now(), null, null, null);
insert into sys_module_field_title (id, field_id, module_id, component_id, component_code, field_code, default_title, locale, display_title, placeholder, help_text, component_type, data_path, value_type, required_flag, sort, status, create_by, create_time, update_by, update_time, note) values (3071105, 3070105, 307, 30701, 'state_define', 'stateSort', '排序', 'zh_CN', null, null, null, 'number', 'detail.states.sort', 'int', '0', 5, '0', 'system', now(), null, null, null);
insert into sys_module_field_title (id, field_id, module_id, component_id, component_code, field_code, default_title, locale, display_title, placeholder, help_text, component_type, data_path, value_type, required_flag, sort, status, create_by, create_time, update_by, update_time, note) values (3071106, 3070106, 307, 30701, 'state_define', 'stateStatus', '状态', 'zh_CN', null, null, null, 'tag', 'detail.states.status', 'string', '0', 6, '0', 'system', now(), null, null, null);
insert into sys_module_field_title (id, field_id, module_id, component_id, component_code, field_code, default_title, locale, display_title, placeholder, help_text, component_type, data_path, value_type, required_flag, sort, status, create_by, create_time, update_by, update_time, note) values (3071107, 3070107, 307, 30701, 'state_define', 'stateNote', '说明', 'zh_CN', null, null, null, 'text', 'detail.states.note', 'string', '0', 7, '0', 'system', now(), null, null, null);
insert into sys_module_field_title (id, field_id, module_id, component_id, component_code, field_code, default_title, locale, display_title, placeholder, help_text, component_type, data_path, value_type, required_flag, sort, status, create_by, create_time, update_by, update_time, note) values (3071201, 3070201, 307, 30702, 'transition_rule', 'transitionActionButtonCode', '动作编码', 'zh_CN', null, null, null, 'text', 'detail.transitions.actionButtonCode', 'string', '0', 1, '0', 'system', now(), null, null, null);
insert into sys_module_field_title (id, field_id, module_id, component_id, component_code, field_code, default_title, locale, display_title, placeholder, help_text, component_type, data_path, value_type, required_flag, sort, status, create_by, create_time, update_by, update_time, note) values (3071202, 3070202, 307, 30702, 'transition_rule', 'transitionActionButtonName', '动作名称', 'zh_CN', null, null, null, 'text', 'detail.transitions.actionButtonName', 'string', '0', 2, '0', 'system', now(), null, null, null);
insert into sys_module_field_title (id, field_id, module_id, component_id, component_code, field_code, default_title, locale, display_title, placeholder, help_text, component_type, data_path, value_type, required_flag, sort, status, create_by, create_time, update_by, update_time, note) values (3071203, 3070203, 307, 30702, 'transition_rule', 'transitionFromStateCode', '来源状态', 'zh_CN', null, null, null, 'text', 'detail.transitions.fromStateCode', 'string', '0', 3, '0', 'system', now(), null, null, null);
insert into sys_module_field_title (id, field_id, module_id, component_id, component_code, field_code, default_title, locale, display_title, placeholder, help_text, component_type, data_path, value_type, required_flag, sort, status, create_by, create_time, update_by, update_time, note) values (3071204, 3070204, 307, 30702, 'transition_rule', 'transitionToStateCode', '目标状态', 'zh_CN', null, null, null, 'text', 'detail.transitions.toStateCode', 'string', '0', 4, '0', 'system', now(), null, null, null);
insert into sys_module_field_title (id, field_id, module_id, component_id, component_code, field_code, default_title, locale, display_title, placeholder, help_text, component_type, data_path, value_type, required_flag, sort, status, create_by, create_time, update_by, update_time, note) values (3071205, 3070205, 307, 30702, 'transition_rule', 'transitionSort', '排序', 'zh_CN', null, null, null, 'number', 'detail.transitions.sort', 'int', '0', 5, '0', 'system', now(), null, null, null);
insert into sys_module_field_title (id, field_id, module_id, component_id, component_code, field_code, default_title, locale, display_title, placeholder, help_text, component_type, data_path, value_type, required_flag, sort, status, create_by, create_time, update_by, update_time, note) values (3071206, 3070206, 307, 30702, 'transition_rule', 'transitionStatus', '状态', 'zh_CN', null, null, null, 'tag', 'detail.transitions.status', 'string', '0', 6, '0', 'system', now(), null, null, null);
insert into sys_module_field_title (id, field_id, module_id, component_id, component_code, field_code, default_title, locale, display_title, placeholder, help_text, component_type, data_path, value_type, required_flag, sort, status, create_by, create_time, update_by, update_time, note) values (3071207, 3070207, 307, 30702, 'transition_rule', 'transitionNote', '说明', 'zh_CN', null, null, null, 'text', 'detail.transitions.note', 'string', '0', 7, '0', 'system', now(), null, null, null);
insert into sys_module_field_title (id, field_id, module_id, component_id, component_code, field_code, default_title, locale, display_title, placeholder, help_text, component_type, data_path, value_type, required_flag, sort, status, create_by, create_time, update_by, update_time, note) values (3071301, 3070301, 307, 30703, 'button_limit', 'limitButtonCode', '按钮编码', 'zh_CN', null, null, null, 'text', 'detail.buttons.buttonCode', 'string', '0', 1, '0', 'system', now(), null, null, null);
insert into sys_module_field_title (id, field_id, module_id, component_id, component_code, field_code, default_title, locale, display_title, placeholder, help_text, component_type, data_path, value_type, required_flag, sort, status, create_by, create_time, update_by, update_time, note) values (3071302, 3070302, 307, 30703, 'button_limit', 'limitButtonTitle', '按钮标题', 'zh_CN', null, null, null, 'text', 'detail.buttons.defaultTitle', 'string', '0', 2, '0', 'system', now(), null, null, null);
insert into sys_module_field_title (id, field_id, module_id, component_id, component_code, field_code, default_title, locale, display_title, placeholder, help_text, component_type, data_path, value_type, required_flag, sort, status, create_by, create_time, update_by, update_time, note) values (3071303, 3070303, 307, 30703, 'button_limit', 'buttonLimitLevel', '状态限制', 'zh_CN', null, null, null, 'select', 'detail.buttons.permissionLevel', 'int', '0', 3, '0', 'system', now(), null, null, null);
insert into sys_module_field_title (id, field_id, module_id, component_id, component_code, field_code, default_title, locale, display_title, placeholder, help_text, component_type, data_path, value_type, required_flag, sort, status, create_by, create_time, update_by, update_time, note) values (3071304, 3070304, 307, 30703, 'button_limit', 'buttonLimitNote', '说明', 'zh_CN', null, null, null, 'text', 'detail.buttons.note', 'string', '0', 4, '0', 'system', now(), null, null, null);
insert into sys_module_field_title (id, field_id, module_id, component_id, component_code, field_code, default_title, locale, display_title, placeholder, help_text, component_type, data_path, value_type, required_flag, sort, status, create_by, create_time, update_by, update_time, note) values (3071401, 3070401, 307, 30704, 'field_limit', 'limitFieldCode', '字段编码', 'zh_CN', null, null, null, 'text', 'detail.fields.fieldCode', 'string', '0', 1, '0', 'system', now(), null, null, null);
insert into sys_module_field_title (id, field_id, module_id, component_id, component_code, field_code, default_title, locale, display_title, placeholder, help_text, component_type, data_path, value_type, required_flag, sort, status, create_by, create_time, update_by, update_time, note) values (3071402, 3070402, 307, 30704, 'field_limit', 'limitFieldTitle', '字段标题', 'zh_CN', null, null, null, 'text', 'detail.fields.displayTitle', 'string', '0', 2, '0', 'system', now(), null, null, null);
insert into sys_module_field_title (id, field_id, module_id, component_id, component_code, field_code, default_title, locale, display_title, placeholder, help_text, component_type, data_path, value_type, required_flag, sort, status, create_by, create_time, update_by, update_time, note) values (3071403, 3070403, 307, 30704, 'field_limit', 'limitFieldPath', '数据路径', 'zh_CN', null, null, null, 'text', 'detail.fields.dataPath', 'string', '0', 3, '0', 'system', now(), null, null, null);
insert into sys_module_field_title (id, field_id, module_id, component_id, component_code, field_code, default_title, locale, display_title, placeholder, help_text, component_type, data_path, value_type, required_flag, sort, status, create_by, create_time, update_by, update_time, note) values (3071404, 3070404, 307, 30704, 'field_limit', 'fieldLimitLevel', '状态限制', 'zh_CN', null, null, null, 'select', 'detail.fields.permissionLevel', 'int', '0', 4, '0', 'system', now(), null, null, null);

insert into sys_module_component (id, module_id, component_code, component_name, sort, status, create_by, create_time, update_by, update_time, note) values (30801, 308, 'dict_form', '字典表单', 1, '0', 'system', now(), null, null, null);
insert into sys_module_component (id, module_id, component_code, component_name, sort, status, create_by, create_time, update_by, update_time, note) values (30901, 309, 'config_form', '参数表单', 1, '0', 'system', now(), null, null, null);

insert into sys_module_field (id, module_id, component_id, field_code, default_title, component_type, data_path, value_type, required_flag, sort, status, create_by, create_time, update_by, update_time, note) values (3080101, 308, 30801, 'name', '字典名称', 'input', 'form.name', 'string', '1', 1, '0', 'system', now(), null, null, null);
insert into sys_module_field (id, module_id, component_id, field_code, default_title, component_type, data_path, value_type, required_flag, sort, status, create_by, create_time, update_by, update_time, note) values (3080102, 308, 30801, 'type', '字典类型', 'input', 'form.type', 'string', '1', 2, '0', 'system', now(), null, null, null);
insert into sys_module_field (id, module_id, component_id, field_code, default_title, component_type, data_path, value_type, required_flag, sort, status, create_by, create_time, update_by, update_time, note) values (3080103, 308, 30801, 'status', '状态', 'radio', 'form.status', 'string', '1', 3, '0', 'system', now(), null, null, null);
insert into sys_module_field (id, module_id, component_id, field_code, default_title, component_type, data_path, value_type, required_flag, sort, status, create_by, create_time, update_by, update_time, note) values (3080104, 308, 30801, 'note', '备注', 'textarea', 'form.note', 'string', '0', 4, '0', 'system', now(), null, null, null);

insert into sys_module_field (id, module_id, component_id, field_code, default_title, component_type, data_path, value_type, required_flag, sort, status, create_by, create_time, update_by, update_time, note) values (3090101, 309, 30901, 'configName', '参数名称', 'input', 'form.configName', 'string', '1', 1, '0', 'system', now(), null, null, null);
insert into sys_module_field (id, module_id, component_id, field_code, default_title, component_type, data_path, value_type, required_flag, sort, status, create_by, create_time, update_by, update_time, note) values (3090102, 309, 30901, 'configKey', '参数键名', 'input', 'form.configKey', 'string', '1', 2, '0', 'system', now(), null, null, null);
insert into sys_module_field (id, module_id, component_id, field_code, default_title, component_type, data_path, value_type, required_flag, sort, status, create_by, create_time, update_by, update_time, note) values (3090103, 309, 30901, 'configValue', '参数键值', 'textarea', 'form.configValue', 'string', '0', 3, '0', 'system', now(), null, null, null);
insert into sys_module_field (id, module_id, component_id, field_code, default_title, component_type, data_path, value_type, required_flag, sort, status, create_by, create_time, update_by, update_time, note) values (3090104, 309, 30901, 'configType', '系统内置', 'radio', 'form.configType', 'string', '1', 4, '0', 'system', now(), null, null, null);
insert into sys_module_field (id, module_id, component_id, field_code, default_title, component_type, data_path, value_type, required_flag, sort, status, create_by, create_time, update_by, update_time, note) values (3090105, 309, 30901, 'note', '备注', 'textarea', 'form.note', 'string', '0', 5, '0', 'system', now(), null, null, null);

insert into sys_module_field_title (id, field_id, module_id, component_id, component_code, field_code, default_title, locale, display_title, placeholder, help_text, component_type, data_path, value_type, required_flag, sort, status, create_by, create_time, update_by, update_time, note) values (3081101, 3080101, 308, 30801, 'dict_form', 'name', '字典名称', 'zh_CN', null, null, null, 'input', 'form.name', 'string', '1', 1, '0', 'system', now(), null, null, null);
insert into sys_module_field_title (id, field_id, module_id, component_id, component_code, field_code, default_title, locale, display_title, placeholder, help_text, component_type, data_path, value_type, required_flag, sort, status, create_by, create_time, update_by, update_time, note) values (3081102, 3080102, 308, 30801, 'dict_form', 'type', '字典类型', 'zh_CN', null, null, null, 'input', 'form.type', 'string', '1', 2, '0', 'system', now(), null, null, null);
insert into sys_module_field_title (id, field_id, module_id, component_id, component_code, field_code, default_title, locale, display_title, placeholder, help_text, component_type, data_path, value_type, required_flag, sort, status, create_by, create_time, update_by, update_time, note) values (3081103, 3080103, 308, 30801, 'dict_form', 'status', '状态', 'zh_CN', null, null, null, 'radio', 'form.status', 'string', '1', 3, '0', 'system', now(), null, null, null);
insert into sys_module_field_title (id, field_id, module_id, component_id, component_code, field_code, default_title, locale, display_title, placeholder, help_text, component_type, data_path, value_type, required_flag, sort, status, create_by, create_time, update_by, update_time, note) values (3081104, 3080104, 308, 30801, 'dict_form', 'note', '备注', 'zh_CN', null, null, null, 'textarea', 'form.note', 'string', '0', 4, '0', 'system', now(), null, null, null);

insert into sys_module_field_title (id, field_id, module_id, component_id, component_code, field_code, default_title, locale, display_title, placeholder, help_text, component_type, data_path, value_type, required_flag, sort, status, create_by, create_time, update_by, update_time, note) values (3091101, 3090101, 309, 30901, 'config_form', 'configName', '参数名称', 'zh_CN', null, null, null, 'input', 'form.configName', 'string', '1', 1, '0', 'system', now(), null, null, null);
insert into sys_module_field_title (id, field_id, module_id, component_id, component_code, field_code, default_title, locale, display_title, placeholder, help_text, component_type, data_path, value_type, required_flag, sort, status, create_by, create_time, update_by, update_time, note) values (3091102, 3090102, 309, 30901, 'config_form', 'configKey', '参数键名', 'zh_CN', null, null, null, 'input', 'form.configKey', 'string', '1', 2, '0', 'system', now(), null, null, null);
insert into sys_module_field_title (id, field_id, module_id, component_id, component_code, field_code, default_title, locale, display_title, placeholder, help_text, component_type, data_path, value_type, required_flag, sort, status, create_by, create_time, update_by, update_time, note) values (3091103, 3090103, 309, 30901, 'config_form', 'configValue', '参数键值', 'zh_CN', null, null, null, 'textarea', 'form.configValue', 'string', '0', 3, '0', 'system', now(), null, null, null);
insert into sys_module_field_title (id, field_id, module_id, component_id, component_code, field_code, default_title, locale, display_title, placeholder, help_text, component_type, data_path, value_type, required_flag, sort, status, create_by, create_time, update_by, update_time, note) values (3091104, 3090104, 309, 30901, 'config_form', 'configType', '系统内置', 'zh_CN', null, null, null, 'radio', 'form.configType', 'string', '1', 4, '0', 'system', now(), null, null, null);
insert into sys_module_field_title (id, field_id, module_id, component_id, component_code, field_code, default_title, locale, display_title, placeholder, help_text, component_type, data_path, value_type, required_flag, sort, status, create_by, create_time, update_by, update_time, note) values (3091105, 3090105, 309, 30901, 'config_form', 'note', '备注', 'zh_CN', null, null, null, 'textarea', 'form.note', 'string', '0', 5, '0', 'system', now(), null, null, null);

insert into sys_module_component (id, module_id, component_code, component_name, sort, status, create_by, create_time, update_by, update_time, note) values (31301, 313, 'dict_data_form', '字典数据表单', 1, '0', 'system', now(), null, null, null);

insert into sys_module_field (id, module_id, component_id, field_code, default_title, component_type, data_path, value_type, required_flag, sort, status, create_by, create_time, update_by, update_time, note) values (3130101, 313, 31301, 'label', '字典标签', 'input', 'form.label', 'string', '1', 1, '0', 'system', now(), null, null, null);
insert into sys_module_field (id, module_id, component_id, field_code, default_title, component_type, data_path, value_type, required_flag, sort, status, create_by, create_time, update_by, update_time, note) values (3130102, 313, 31301, 'value', '字典键值', 'input', 'form.value', 'string', '1', 2, '0', 'system', now(), null, null, null);
insert into sys_module_field (id, module_id, component_id, field_code, default_title, component_type, data_path, value_type, required_flag, sort, status, create_by, create_time, update_by, update_time, note) values (3130103, 313, 31301, 'sort', '显示排序', 'number', 'form.sort', 'int', '0', 3, '0', 'system', now(), null, null, null);
insert into sys_module_field (id, module_id, component_id, field_code, default_title, component_type, data_path, value_type, required_flag, sort, status, create_by, create_time, update_by, update_time, note) values (3130104, 313, 31301, 'listClass', '回显样式', 'input', 'form.listClass', 'string', '0', 4, '0', 'system', now(), null, null, null);
insert into sys_module_field (id, module_id, component_id, field_code, default_title, component_type, data_path, value_type, required_flag, sort, status, create_by, create_time, update_by, update_time, note) values (3130105, 313, 31301, 'cssClass', '样式属性', 'input', 'form.cssClass', 'string', '0', 5, '0', 'system', now(), null, null, null);
insert into sys_module_field (id, module_id, component_id, field_code, default_title, component_type, data_path, value_type, required_flag, sort, status, create_by, create_time, update_by, update_time, note) values (3130106, 313, 31301, 'defaultFlag', '是否默认', 'radio', 'form.defaultFlag', 'string', '1', 6, '0', 'system', now(), null, null, null);
insert into sys_module_field (id, module_id, component_id, field_code, default_title, component_type, data_path, value_type, required_flag, sort, status, create_by, create_time, update_by, update_time, note) values (3130107, 313, 31301, 'status', '状态', 'radio', 'form.status', 'string', '1', 7, '0', 'system', now(), null, null, null);
insert into sys_module_field (id, module_id, component_id, field_code, default_title, component_type, data_path, value_type, required_flag, sort, status, create_by, create_time, update_by, update_time, note) values (3130108, 313, 31301, 'note', '备注', 'textarea', 'form.note', 'string', '0', 8, '0', 'system', now(), null, null, null);

insert into sys_module_field_title (id, field_id, module_id, component_id, component_code, field_code, default_title, locale, display_title, placeholder, help_text, component_type, data_path, value_type, required_flag, sort, status, create_by, create_time, update_by, update_time, note) values (3131101, 3130101, 313, 31301, 'dict_data_form', 'label', '字典标签', 'zh_CN', null, null, null, 'input', 'form.label', 'string', '1', 1, '0', 'system', now(), null, null, null);
insert into sys_module_field_title (id, field_id, module_id, component_id, component_code, field_code, default_title, locale, display_title, placeholder, help_text, component_type, data_path, value_type, required_flag, sort, status, create_by, create_time, update_by, update_time, note) values (3131102, 3130102, 313, 31301, 'dict_data_form', 'value', '字典键值', 'zh_CN', null, null, null, 'input', 'form.value', 'string', '1', 2, '0', 'system', now(), null, null, null);
insert into sys_module_field_title (id, field_id, module_id, component_id, component_code, field_code, default_title, locale, display_title, placeholder, help_text, component_type, data_path, value_type, required_flag, sort, status, create_by, create_time, update_by, update_time, note) values (3131103, 3130103, 313, 31301, 'dict_data_form', 'sort', '显示排序', 'zh_CN', null, null, null, 'number', 'form.sort', 'int', '0', 3, '0', 'system', now(), null, null, null);
insert into sys_module_field_title (id, field_id, module_id, component_id, component_code, field_code, default_title, locale, display_title, placeholder, help_text, component_type, data_path, value_type, required_flag, sort, status, create_by, create_time, update_by, update_time, note) values (3131104, 3130104, 313, 31301, 'dict_data_form', 'listClass', '回显样式', 'zh_CN', null, null, null, 'input', 'form.listClass', 'string', '0', 4, '0', 'system', now(), null, null, null);
insert into sys_module_field_title (id, field_id, module_id, component_id, component_code, field_code, default_title, locale, display_title, placeholder, help_text, component_type, data_path, value_type, required_flag, sort, status, create_by, create_time, update_by, update_time, note) values (3131105, 3130105, 313, 31301, 'dict_data_form', 'cssClass', '样式属性', 'zh_CN', null, null, null, 'input', 'form.cssClass', 'string', '0', 5, '0', 'system', now(), null, null, null);
insert into sys_module_field_title (id, field_id, module_id, component_id, component_code, field_code, default_title, locale, display_title, placeholder, help_text, component_type, data_path, value_type, required_flag, sort, status, create_by, create_time, update_by, update_time, note) values (3131106, 3130106, 313, 31301, 'dict_data_form', 'defaultFlag', '是否默认', 'zh_CN', null, null, null, 'radio', 'form.defaultFlag', 'string', '1', 6, '0', 'system', now(), null, null, null);
insert into sys_module_field_title (id, field_id, module_id, component_id, component_code, field_code, default_title, locale, display_title, placeholder, help_text, component_type, data_path, value_type, required_flag, sort, status, create_by, create_time, update_by, update_time, note) values (3131107, 3130107, 313, 31301, 'dict_data_form', 'status', '状态', 'zh_CN', null, null, null, 'radio', 'form.status', 'string', '1', 7, '0', 'system', now(), null, null, null);
insert into sys_module_field_title (id, field_id, module_id, component_id, component_code, field_code, default_title, locale, display_title, placeholder, help_text, component_type, data_path, value_type, required_flag, sort, status, create_by, create_time, update_by, update_time, note) values (3131108, 3130108, 313, 31301, 'dict_data_form', 'note', '备注', 'zh_CN', null, null, null, 'textarea', 'form.note', 'string', '0', 8, '0', 'system', now(), null, null, null);

insert into sys_module_component (id, module_id, component_code, component_name, sort, status, create_by, create_time, update_by, update_time, note) values (31101, 311, 'query_filter', '查询条件', 1, '0', 'system', now(), null, null, null);
insert into sys_module_component (id, module_id, component_code, component_name, sort, status, create_by, create_time, update_by, update_time, note) values (31102, 311, 'result_list', '日志列表', 1, '0', 'system', now(), null, null, null);

insert into sys_module_field (id, module_id, component_id, field_code, default_title, component_type, data_path, value_type, required_flag, sort, status, create_by, create_time, update_by, update_time, note) values (3110101, 311, 31101, 'title', '系统模块', 'input', 'query.title', 'string', '0', 1, '0', 'system', now(), null, null, null);
insert into sys_module_field (id, module_id, component_id, field_code, default_title, component_type, data_path, value_type, required_flag, sort, status, create_by, create_time, update_by, update_time, note) values (3110102, 311, 31101, 'operName', '操作人员', 'input', 'query.operName', 'string', '0', 2, '0', 'system', now(), null, null, null);
insert into sys_module_field (id, module_id, component_id, field_code, default_title, component_type, data_path, value_type, required_flag, sort, status, create_by, create_time, update_by, update_time, note) values (3110103, 311, 31101, 'queryBusinessType', '操作类型', 'select', 'query.businessType', 'string', '0', 3, '0', 'system', now(), null, null, null);
insert into sys_module_field (id, module_id, component_id, field_code, default_title, component_type, data_path, value_type, required_flag, sort, status, create_by, create_time, update_by, update_time, note) values (3110104, 311, 31101, 'queryStatus', '状态', 'select', 'query.status', 'string', '0', 4, '0', 'system', now(), null, null, null);
insert into sys_module_field (id, module_id, component_id, field_code, default_title, component_type, data_path, value_type, required_flag, sort, status, create_by, create_time, update_by, update_time, note) values (3110105, 311, 31101, 'requestMethod', '请求方式', 'input', 'query.requestMethod', 'string', '0', 5, '0', 'system', now(), null, null, null);
insert into sys_module_field (id, module_id, component_id, field_code, default_title, component_type, data_path, value_type, required_flag, sort, status, create_by, create_time, update_by, update_time, note) values (3110201, 311, 31102, 'operId', '日志编号', 'text', 'list.operId', 'long', '0', 1, '0', 'system', now(), null, null, null);
insert into sys_module_field (id, module_id, component_id, field_code, default_title, component_type, data_path, value_type, required_flag, sort, status, create_by, create_time, update_by, update_time, note) values (3110202, 311, 31102, 'logTitle', '系统模块', 'text', 'list.title', 'string', '0', 2, '0', 'system', now(), null, null, null);
insert into sys_module_field (id, module_id, component_id, field_code, default_title, component_type, data_path, value_type, required_flag, sort, status, create_by, create_time, update_by, update_time, note) values (3110203, 311, 31102, 'businessType', '操作类型', 'tag', 'list.businessType', 'string', '0', 3, '0', 'system', now(), null, null, null);
insert into sys_module_field (id, module_id, component_id, field_code, default_title, component_type, data_path, value_type, required_flag, sort, status, create_by, create_time, update_by, update_time, note) values (3110204, 311, 31102, 'requestMethodCol', '请求方式', 'text', 'list.requestMethod', 'string', '0', 4, '0', 'system', now(), null, null, null);
insert into sys_module_field (id, module_id, component_id, field_code, default_title, component_type, data_path, value_type, required_flag, sort, status, create_by, create_time, update_by, update_time, note) values (3110205, 311, 31102, 'operNameCol', '操作人员', 'text', 'list.operName', 'string', '0', 5, '0', 'system', now(), null, null, null);
insert into sys_module_field (id, module_id, component_id, field_code, default_title, component_type, data_path, value_type, required_flag, sort, status, create_by, create_time, update_by, update_time, note) values (3110206, 311, 31102, 'operIp', '主机', 'text', 'list.operIp', 'string', '0', 6, '0', 'system', now(), null, null, null);
insert into sys_module_field (id, module_id, component_id, field_code, default_title, component_type, data_path, value_type, required_flag, sort, status, create_by, create_time, update_by, update_time, note) values (3110207, 311, 31102, 'logStatus', '操作状态', 'tag', 'list.status', 'string', '0', 7, '0', 'system', now(), null, null, null);
insert into sys_module_field (id, module_id, component_id, field_code, default_title, component_type, data_path, value_type, required_flag, sort, status, create_by, create_time, update_by, update_time, note) values (3110208, 311, 31102, 'operTime', '操作日期', 'datetime', 'list.operTime', 'datetime', '0', 8, '0', 'system', now(), null, null, null);

insert into sys_module_field_title (id, field_id, module_id, component_id, component_code, field_code, default_title, locale, display_title, placeholder, help_text, component_type, data_path, value_type, required_flag, sort, status, create_by, create_time, update_by, update_time, note) values (3111101, 3110101, 311, 31101, 'query_filter', 'title', '系统模块', 'zh_CN', null, null, null, 'input', 'query.title', 'string', '0', 1, '0', 'system', now(), null, null, null);
insert into sys_module_field_title (id, field_id, module_id, component_id, component_code, field_code, default_title, locale, display_title, placeholder, help_text, component_type, data_path, value_type, required_flag, sort, status, create_by, create_time, update_by, update_time, note) values (3111102, 3110102, 311, 31101, 'query_filter', 'operName', '操作人员', 'zh_CN', null, null, null, 'input', 'query.operName', 'string', '0', 2, '0', 'system', now(), null, null, null);
insert into sys_module_field_title (id, field_id, module_id, component_id, component_code, field_code, default_title, locale, display_title, placeholder, help_text, component_type, data_path, value_type, required_flag, sort, status, create_by, create_time, update_by, update_time, note) values (3111103, 3110103, 311, 31101, 'query_filter', 'queryBusinessType', '操作类型', 'zh_CN', null, null, null, 'select', 'query.businessType', 'string', '0', 3, '0', 'system', now(), null, null, null);
insert into sys_module_field_title (id, field_id, module_id, component_id, component_code, field_code, default_title, locale, display_title, placeholder, help_text, component_type, data_path, value_type, required_flag, sort, status, create_by, create_time, update_by, update_time, note) values (3111104, 3110104, 311, 31101, 'query_filter', 'queryStatus', '状态', 'zh_CN', null, null, null, 'select', 'query.status', 'string', '0', 4, '0', 'system', now(), null, null, null);
insert into sys_module_field_title (id, field_id, module_id, component_id, component_code, field_code, default_title, locale, display_title, placeholder, help_text, component_type, data_path, value_type, required_flag, sort, status, create_by, create_time, update_by, update_time, note) values (3111105, 3110105, 311, 31101, 'query_filter', 'requestMethod', '请求方式', 'zh_CN', null, null, null, 'input', 'query.requestMethod', 'string', '0', 5, '0', 'system', now(), null, null, null);
insert into sys_module_field_title (id, field_id, module_id, component_id, component_code, field_code, default_title, locale, display_title, placeholder, help_text, component_type, data_path, value_type, required_flag, sort, status, create_by, create_time, update_by, update_time, note) values (3111201, 3110201, 311, 31102, 'result_list', 'operId', '日志编号', 'zh_CN', null, null, null, 'text', 'list.operId', 'long', '0', 1, '0', 'system', now(), null, null, null);
insert into sys_module_field_title (id, field_id, module_id, component_id, component_code, field_code, default_title, locale, display_title, placeholder, help_text, component_type, data_path, value_type, required_flag, sort, status, create_by, create_time, update_by, update_time, note) values (3111202, 3110202, 311, 31102, 'result_list', 'logTitle', '系统模块', 'zh_CN', null, null, null, 'text', 'list.title', 'string', '0', 2, '0', 'system', now(), null, null, null);
insert into sys_module_field_title (id, field_id, module_id, component_id, component_code, field_code, default_title, locale, display_title, placeholder, help_text, component_type, data_path, value_type, required_flag, sort, status, create_by, create_time, update_by, update_time, note) values (3111203, 3110203, 311, 31102, 'result_list', 'businessType', '操作类型', 'zh_CN', null, null, null, 'tag', 'list.businessType', 'string', '0', 3, '0', 'system', now(), null, null, null);
insert into sys_module_field_title (id, field_id, module_id, component_id, component_code, field_code, default_title, locale, display_title, placeholder, help_text, component_type, data_path, value_type, required_flag, sort, status, create_by, create_time, update_by, update_time, note) values (3111204, 3110204, 311, 31102, 'result_list', 'requestMethodCol', '请求方式', 'zh_CN', null, null, null, 'text', 'list.requestMethod', 'string', '0', 4, '0', 'system', now(), null, null, null);
insert into sys_module_field_title (id, field_id, module_id, component_id, component_code, field_code, default_title, locale, display_title, placeholder, help_text, component_type, data_path, value_type, required_flag, sort, status, create_by, create_time, update_by, update_time, note) values (3111205, 3110205, 311, 31102, 'result_list', 'operNameCol', '操作人员', 'zh_CN', null, null, null, 'text', 'list.operName', 'string', '0', 5, '0', 'system', now(), null, null, null);
insert into sys_module_field_title (id, field_id, module_id, component_id, component_code, field_code, default_title, locale, display_title, placeholder, help_text, component_type, data_path, value_type, required_flag, sort, status, create_by, create_time, update_by, update_time, note) values (3111206, 3110206, 311, 31102, 'result_list', 'operIp', '主机', 'zh_CN', null, null, null, 'text', 'list.operIp', 'string', '0', 6, '0', 'system', now(), null, null, null);
insert into sys_module_field_title (id, field_id, module_id, component_id, component_code, field_code, default_title, locale, display_title, placeholder, help_text, component_type, data_path, value_type, required_flag, sort, status, create_by, create_time, update_by, update_time, note) values (3111207, 3110207, 311, 31102, 'result_list', 'logStatus', '操作状态', 'zh_CN', null, null, null, 'tag', 'list.status', 'string', '0', 7, '0', 'system', now(), null, null, null);
insert into sys_module_field_title (id, field_id, module_id, component_id, component_code, field_code, default_title, locale, display_title, placeholder, help_text, component_type, data_path, value_type, required_flag, sort, status, create_by, create_time, update_by, update_time, note) values (3111208, 3110208, 311, 31102, 'result_list', 'operTime', '操作日期', 'zh_CN', null, null, null, 'datetime', 'list.operTime', 'datetime', '0', 8, '0', 'system', now(), null, null, null);

insert into sys_module_component (id, module_id, component_code, component_name, sort, status, create_by, create_time, update_by, update_time, note) values (31201, 312, 'query_filter', '查询条件', 1, '0', 'system', now(), null, null, null);
insert into sys_module_component (id, module_id, component_code, component_name, sort, status, create_by, create_time, update_by, update_time, note) values (31202, 312, 'result_list', '登录列表', 1, '0', 'system', now(), null, null, null);

insert into sys_module_field (id, module_id, component_id, field_code, default_title, component_type, data_path, value_type, required_flag, sort, status, create_by, create_time, update_by, update_time, note) values (3120101, 312, 31201, 'ipaddr', '登录地址', 'input', 'query.ipaddr', 'string', '0', 1, '0', 'system', now(), null, null, null);
insert into sys_module_field (id, module_id, component_id, field_code, default_title, component_type, data_path, value_type, required_flag, sort, status, create_by, create_time, update_by, update_time, note) values (3120102, 312, 31201, 'userName', '用户名称', 'input', 'query.userName', 'string', '0', 2, '0', 'system', now(), null, null, null);
insert into sys_module_field (id, module_id, component_id, field_code, default_title, component_type, data_path, value_type, required_flag, sort, status, create_by, create_time, update_by, update_time, note) values (3120103, 312, 31201, 'queryStatus', '状态', 'select', 'query.status', 'string', '0', 3, '0', 'system', now(), null, null, null);
insert into sys_module_field (id, module_id, component_id, field_code, default_title, component_type, data_path, value_type, required_flag, sort, status, create_by, create_time, update_by, update_time, note) values (3120104, 312, 31201, 'browser', '浏览器', 'input', 'query.browser', 'string', '0', 4, '0', 'system', now(), null, null, null);
insert into sys_module_field (id, module_id, component_id, field_code, default_title, component_type, data_path, value_type, required_flag, sort, status, create_by, create_time, update_by, update_time, note) values (3120201, 312, 31202, 'infoId', '访问编号', 'text', 'list.infoId', 'long', '0', 1, '0', 'system', now(), null, null, null);
insert into sys_module_field (id, module_id, component_id, field_code, default_title, component_type, data_path, value_type, required_flag, sort, status, create_by, create_time, update_by, update_time, note) values (3120202, 312, 31202, 'loginUserName', '用户名称', 'text', 'list.userName', 'string', '0', 2, '0', 'system', now(), null, null, null);
insert into sys_module_field (id, module_id, component_id, field_code, default_title, component_type, data_path, value_type, required_flag, sort, status, create_by, create_time, update_by, update_time, note) values (3120203, 312, 31202, 'loginIpaddr', '登录地址', 'text', 'list.ipaddr', 'string', '0', 3, '0', 'system', now(), null, null, null);
insert into sys_module_field (id, module_id, component_id, field_code, default_title, component_type, data_path, value_type, required_flag, sort, status, create_by, create_time, update_by, update_time, note) values (3120204, 312, 31202, 'loginLocation', '登录地点', 'text', 'list.loginLocation', 'string', '0', 4, '0', 'system', now(), null, null, null);
insert into sys_module_field (id, module_id, component_id, field_code, default_title, component_type, data_path, value_type, required_flag, sort, status, create_by, create_time, update_by, update_time, note) values (3120205, 312, 31202, 'browserCol', '浏览器', 'text', 'list.browser', 'string', '0', 5, '0', 'system', now(), null, null, null);
insert into sys_module_field (id, module_id, component_id, field_code, default_title, component_type, data_path, value_type, required_flag, sort, status, create_by, create_time, update_by, update_time, note) values (3120206, 312, 31202, 'os', '操作系统', 'text', 'list.os', 'string', '0', 6, '0', 'system', now(), null, null, null);
insert into sys_module_field (id, module_id, component_id, field_code, default_title, component_type, data_path, value_type, required_flag, sort, status, create_by, create_time, update_by, update_time, note) values (3120207, 312, 31202, 'loginStatus', '登录状态', 'tag', 'list.status', 'string', '0', 7, '0', 'system', now(), null, null, null);
insert into sys_module_field (id, module_id, component_id, field_code, default_title, component_type, data_path, value_type, required_flag, sort, status, create_by, create_time, update_by, update_time, note) values (3120208, 312, 31202, 'msg', '操作信息', 'text', 'list.msg', 'string', '0', 8, '0', 'system', now(), null, null, null);
insert into sys_module_field (id, module_id, component_id, field_code, default_title, component_type, data_path, value_type, required_flag, sort, status, create_by, create_time, update_by, update_time, note) values (3120209, 312, 31202, 'loginTime', '登录日期', 'datetime', 'list.loginTime', 'datetime', '0', 9, '0', 'system', now(), null, null, null);

insert into sys_module_field_title (id, field_id, module_id, component_id, component_code, field_code, default_title, locale, display_title, placeholder, help_text, component_type, data_path, value_type, required_flag, sort, status, create_by, create_time, update_by, update_time, note) values (3121101, 3120101, 312, 31201, 'query_filter', 'ipaddr', '登录地址', 'zh_CN', null, null, null, 'input', 'query.ipaddr', 'string', '0', 1, '0', 'system', now(), null, null, null);
insert into sys_module_field_title (id, field_id, module_id, component_id, component_code, field_code, default_title, locale, display_title, placeholder, help_text, component_type, data_path, value_type, required_flag, sort, status, create_by, create_time, update_by, update_time, note) values (3121102, 3120102, 312, 31201, 'query_filter', 'userName', '用户名称', 'zh_CN', null, null, null, 'input', 'query.userName', 'string', '0', 2, '0', 'system', now(), null, null, null);
insert into sys_module_field_title (id, field_id, module_id, component_id, component_code, field_code, default_title, locale, display_title, placeholder, help_text, component_type, data_path, value_type, required_flag, sort, status, create_by, create_time, update_by, update_time, note) values (3121103, 3120103, 312, 31201, 'query_filter', 'queryStatus', '状态', 'zh_CN', null, null, null, 'select', 'query.status', 'string', '0', 3, '0', 'system', now(), null, null, null);
insert into sys_module_field_title (id, field_id, module_id, component_id, component_code, field_code, default_title, locale, display_title, placeholder, help_text, component_type, data_path, value_type, required_flag, sort, status, create_by, create_time, update_by, update_time, note) values (3121104, 3120104, 312, 31201, 'query_filter', 'browser', '浏览器', 'zh_CN', null, null, null, 'input', 'query.browser', 'string', '0', 4, '0', 'system', now(), null, null, null);
insert into sys_module_field_title (id, field_id, module_id, component_id, component_code, field_code, default_title, locale, display_title, placeholder, help_text, component_type, data_path, value_type, required_flag, sort, status, create_by, create_time, update_by, update_time, note) values (3121201, 3120201, 312, 31202, 'result_list', 'infoId', '访问编号', 'zh_CN', null, null, null, 'text', 'list.infoId', 'long', '0', 1, '0', 'system', now(), null, null, null);
insert into sys_module_field_title (id, field_id, module_id, component_id, component_code, field_code, default_title, locale, display_title, placeholder, help_text, component_type, data_path, value_type, required_flag, sort, status, create_by, create_time, update_by, update_time, note) values (3121202, 3120202, 312, 31202, 'result_list', 'loginUserName', '用户名称', 'zh_CN', null, null, null, 'text', 'list.userName', 'string', '0', 2, '0', 'system', now(), null, null, null);
insert into sys_module_field_title (id, field_id, module_id, component_id, component_code, field_code, default_title, locale, display_title, placeholder, help_text, component_type, data_path, value_type, required_flag, sort, status, create_by, create_time, update_by, update_time, note) values (3121203, 3120203, 312, 31202, 'result_list', 'loginIpaddr', '登录地址', 'zh_CN', null, null, null, 'text', 'list.ipaddr', 'string', '0', 3, '0', 'system', now(), null, null, null);
insert into sys_module_field_title (id, field_id, module_id, component_id, component_code, field_code, default_title, locale, display_title, placeholder, help_text, component_type, data_path, value_type, required_flag, sort, status, create_by, create_time, update_by, update_time, note) values (3121204, 3120204, 312, 31202, 'result_list', 'loginLocation', '登录地点', 'zh_CN', null, null, null, 'text', 'list.loginLocation', 'string', '0', 4, '0', 'system', now(), null, null, null);
insert into sys_module_field_title (id, field_id, module_id, component_id, component_code, field_code, default_title, locale, display_title, placeholder, help_text, component_type, data_path, value_type, required_flag, sort, status, create_by, create_time, update_by, update_time, note) values (3121205, 3120205, 312, 31202, 'result_list', 'browserCol', '浏览器', 'zh_CN', null, null, null, 'text', 'list.browser', 'string', '0', 5, '0', 'system', now(), null, null, null);
insert into sys_module_field_title (id, field_id, module_id, component_id, component_code, field_code, default_title, locale, display_title, placeholder, help_text, component_type, data_path, value_type, required_flag, sort, status, create_by, create_time, update_by, update_time, note) values (3121206, 3120206, 312, 31202, 'result_list', 'os', '操作系统', 'zh_CN', null, null, null, 'text', 'list.os', 'string', '0', 6, '0', 'system', now(), null, null, null);
insert into sys_module_field_title (id, field_id, module_id, component_id, component_code, field_code, default_title, locale, display_title, placeholder, help_text, component_type, data_path, value_type, required_flag, sort, status, create_by, create_time, update_by, update_time, note) values (3121207, 3120207, 312, 31202, 'result_list', 'loginStatus', '登录状态', 'zh_CN', null, null, null, 'tag', 'list.status', 'string', '0', 7, '0', 'system', now(), null, null, null);
insert into sys_module_field_title (id, field_id, module_id, component_id, component_code, field_code, default_title, locale, display_title, placeholder, help_text, component_type, data_path, value_type, required_flag, sort, status, create_by, create_time, update_by, update_time, note) values (3121208, 3120208, 312, 31202, 'result_list', 'msg', '操作信息', 'zh_CN', null, null, null, 'text', 'list.msg', 'string', '0', 8, '0', 'system', now(), null, null, null);
insert into sys_module_field_title (id, field_id, module_id, component_id, component_code, field_code, default_title, locale, display_title, placeholder, help_text, component_type, data_path, value_type, required_flag, sort, status, create_by, create_time, update_by, update_time, note) values (3121209, 3120209, 312, 31202, 'result_list', 'loginTime', '登录日期', 'zh_CN', null, null, null, 'datetime', 'list.loginTime', 'datetime', '0', 9, '0', 'system', now(), null, null, null);

insert into sys_module_button (id, module_id, button_code, default_title, sort, status, create_by, create_time, update_by, update_time, note) values (101001, 101, 'create', '新增', 1, '0', 'system', now(), null, null, null);
insert into sys_module_button (id, module_id, button_code, default_title, sort, status, create_by, create_time, update_by, update_time, note) values (101002, 101, 'export', '导出', 2, '0', 'system', now(), null, null, null);
insert into sys_module_button (id, module_id, button_code, default_title, sort, status, create_by, create_time, update_by, update_time, note) values (101003, 101, 'detail', '详情', 3, '0', 'system', now(), null, null, null);
insert into sys_module_button (id, module_id, button_code, default_title, sort, status, create_by, create_time, update_by, update_time, note) values (101004, 101, 'edit', '编辑', 4, '0', 'system', now(), null, null, null);
insert into sys_module_button (id, module_id, button_code, default_title, sort, status, create_by, create_time, update_by, update_time, note) values (101005, 101, 'save', '保存', 5, '0', 'system', now(), null, null, null);
insert into sys_module_button (id, module_id, button_code, default_title, sort, status, create_by, create_time, update_by, update_time, note) values (101006, 101, 'submit', '提交', 6, '0', 'system', now(), null, null, null);
insert into sys_module_button (id, module_id, button_code, default_title, sort, status, create_by, create_time, update_by, update_time, note) values (101007, 101, 'audit', '审核', 7, '0', 'system', now(), null, null, null);
insert into sys_module_button (id, module_id, button_code, default_title, sort, status, create_by, create_time, update_by, update_time, note) values (101008, 101, 'ship', '发运', 8, '0', 'system', now(), null, null, null);
insert into sys_module_button (id, module_id, button_code, default_title, sort, status, create_by, create_time, update_by, update_time, note) values (101009, 101, 'complete', '完成', 9, '0', 'system', now(), null, null, null);
insert into sys_module_button (id, module_id, button_code, default_title, sort, status, create_by, create_time, update_by, update_time, note) values (101010, 101, 'add', '新增行', 10, '0', 'system', now(), null, null, null);
insert into sys_module_button (id, module_id, button_code, default_title, sort, status, create_by, create_time, update_by, update_time, note) values (101011, 101, 'delete', '删除行', 11, '0', 'system', now(), null, null, null);
insert into sys_module_button (id, module_id, button_code, default_title, sort, status, create_by, create_time, update_by, update_time, note) values (301001, 301, 'create', '新增', 1, '0', 'system', now(), null, null, null);
insert into sys_module_button (id, module_id, button_code, default_title, sort, status, create_by, create_time, update_by, update_time, note) values (301002, 301, 'modify', '修改', 2, '0', 'system', now(), null, null, null);
insert into sys_module_button (id, module_id, button_code, default_title, sort, status, create_by, create_time, update_by, update_time, note) values (301003, 301, 'remove', '删除', 3, '0', 'system', now(), null, null, null);
insert into sys_module_button (id, module_id, button_code, default_title, sort, status, create_by, create_time, update_by, update_time, note) values (303001, 303, 'create', '新增', 1, '0', 'system', now(), null, null, null);
insert into sys_module_button (id, module_id, button_code, default_title, sort, status, create_by, create_time, update_by, update_time, note) values (303002, 303, 'modify', '修改', 2, '0', 'system', now(), null, null, null);
insert into sys_module_button (id, module_id, button_code, default_title, sort, status, create_by, create_time, update_by, update_time, note) values (303003, 303, 'remove', '删除', 3, '0', 'system', now(), null, null, null);
insert into sys_module_button (id, module_id, button_code, default_title, sort, status, create_by, create_time, update_by, update_time, note) values (303004, 303, 'componentCreate', '组件新增', 4, '0', 'system', now(), null, null, null);
insert into sys_module_button (id, module_id, button_code, default_title, sort, status, create_by, create_time, update_by, update_time, note) values (303005, 303, 'componentModify', '组件修改', 5, '0', 'system', now(), null, null, null);
insert into sys_module_button (id, module_id, button_code, default_title, sort, status, create_by, create_time, update_by, update_time, note) values (303006, 303, 'componentRemove', '组件删除', 6, '0', 'system', now(), null, null, null);
insert into sys_module_button (id, module_id, button_code, default_title, sort, status, create_by, create_time, update_by, update_time, note) values (303007, 303, 'fieldCreate', '字段新增', 7, '0', 'system', now(), null, null, null);
insert into sys_module_button (id, module_id, button_code, default_title, sort, status, create_by, create_time, update_by, update_time, note) values (303008, 303, 'fieldModify', '字段修改', 8, '0', 'system', now(), null, null, null);
insert into sys_module_button (id, module_id, button_code, default_title, sort, status, create_by, create_time, update_by, update_time, note) values (303009, 303, 'fieldRemove', '字段删除', 9, '0', 'system', now(), null, null, null);
insert into sys_module_button (id, module_id, button_code, default_title, sort, status, create_by, create_time, update_by, update_time, note) values (303010, 303, 'buttonCreate', '按钮新增', 10, '0', 'system', now(), null, null, null);
insert into sys_module_button (id, module_id, button_code, default_title, sort, status, create_by, create_time, update_by, update_time, note) values (303011, 303, 'buttonModify', '按钮修改', 11, '0', 'system', now(), null, null, null);
insert into sys_module_button (id, module_id, button_code, default_title, sort, status, create_by, create_time, update_by, update_time, note) values (303012, 303, 'buttonRemove', '按钮删除', 12, '0', 'system', now(), null, null, null);
insert into sys_module_button (id, module_id, button_code, default_title, sort, status, create_by, create_time, update_by, update_time, note) values (304001, 304, 'create', '新增', 1, '0', 'system', now(), null, null, null);
insert into sys_module_button (id, module_id, button_code, default_title, sort, status, create_by, create_time, update_by, update_time, note) values (304002, 304, 'modify', '修改', 2, '0', 'system', now(), null, null, null);
insert into sys_module_button (id, module_id, button_code, default_title, sort, status, create_by, create_time, update_by, update_time, note) values (304003, 304, 'remove', '删除', 3, '0', 'system', now(), null, null, null);
insert into sys_module_button (id, module_id, button_code, default_title, sort, status, create_by, create_time, update_by, update_time, note) values (304004, 304, 'userBind', '绑定员工', 4, '0', 'system', now(), null, null, null);
insert into sys_module_button (id, module_id, button_code, default_title, sort, status, create_by, create_time, update_by, update_time, note) values (304005, 304, 'userUnbind', '解绑员工', 5, '0', 'system', now(), null, null, null);
insert into sys_module_button (id, module_id, button_code, default_title, sort, status, create_by, create_time, update_by, update_time, note) values (305001, 305, 'save', '保存', 1, '0', 'system', now(), null, null, null);
insert into sys_module_button (id, module_id, button_code, default_title, sort, status, create_by, create_time, update_by, update_time, note) values (306001, 306, 'save', '保存', 1, '0', 'system', now(), null, null, null);
insert into sys_module_button (id, module_id, button_code, default_title, sort, status, create_by, create_time, update_by, update_time, note) values (307001, 307, 'save', '保存', 1, '0', 'system', now(), null, null, null);
insert into sys_module_button (id, module_id, button_code, default_title, sort, status, create_by, create_time, update_by, update_time, note) values (308001, 308, 'create', '新增', 1, '0', 'system', now(), null, null, null);
insert into sys_module_button (id, module_id, button_code, default_title, sort, status, create_by, create_time, update_by, update_time, note) values (308002, 308, 'modify', '修改', 2, '0', 'system', now(), null, null, null);
insert into sys_module_button (id, module_id, button_code, default_title, sort, status, create_by, create_time, update_by, update_time, note) values (308003, 308, 'remove', '删除', 3, '0', 'system', now(), null, null, null);
insert into sys_module_button (id, module_id, button_code, default_title, sort, status, create_by, create_time, update_by, update_time, note) values (309001, 309, 'create', '新增', 1, '0', 'system', now(), null, null, null);
insert into sys_module_button (id, module_id, button_code, default_title, sort, status, create_by, create_time, update_by, update_time, note) values (309002, 309, 'modify', '修改', 2, '0', 'system', now(), null, null, null);
insert into sys_module_button (id, module_id, button_code, default_title, sort, status, create_by, create_time, update_by, update_time, note) values (309003, 309, 'remove', '删除', 3, '0', 'system', now(), null, null, null);
insert into sys_module_button (id, module_id, button_code, default_title, sort, status, create_by, create_time, update_by, update_time, note) values (309004, 309, 'refreshCache', '刷新缓存', 4, '0', 'system', now(), null, null, null);

insert into sys_module_state (id, module_id, state_code, state_name, sort, is_initial, is_final, status, create_by, create_time, update_by, update_time, note) values (301101, 301, 'create', '新建', 1, '1', '0', '0', 'system', now(), null, null, null);
insert into sys_module_state (id, module_id, state_code, state_name, sort, is_initial, is_final, status, create_by, create_time, update_by, update_time, note) values (301102, 301, 'edit', '编辑', 2, '0', '0', '0', 'system', now(), null, null, null);
insert into sys_module_state (id, module_id, state_code, state_name, sort, is_initial, is_final, status, create_by, create_time, update_by, update_time, note) values (303101, 303, 'create', '新建', 1, '1', '0', '0', 'system', now(), null, null, null);
insert into sys_module_state (id, module_id, state_code, state_name, sort, is_initial, is_final, status, create_by, create_time, update_by, update_time, note) values (303102, 303, 'edit', '编辑', 2, '0', '0', '0', 'system', now(), null, null, null);
insert into sys_module_state (id, module_id, state_code, state_name, sort, is_initial, is_final, status, create_by, create_time, update_by, update_time, note) values (304101, 304, 'create', '新建', 1, '1', '0', '0', 'system', now(), null, null, null);
insert into sys_module_state (id, module_id, state_code, state_name, sort, is_initial, is_final, status, create_by, create_time, update_by, update_time, note) values (304102, 304, 'edit', '编辑', 2, '0', '0', '0', 'system', now(), null, null, null);
insert into sys_module_state (id, module_id, state_code, state_name, sort, is_initial, is_final, status, create_by, create_time, update_by, update_time, note) values (308101, 308, 'create', '新建', 1, '1', '0', '0', 'system', now(), null, null, null);
insert into sys_module_state (id, module_id, state_code, state_name, sort, is_initial, is_final, status, create_by, create_time, update_by, update_time, note) values (308102, 308, 'edit', '编辑', 2, '0', '0', '0', 'system', now(), null, null, null);
insert into sys_module_state (id, module_id, state_code, state_name, sort, is_initial, is_final, status, create_by, create_time, update_by, update_time, note) values (309101, 309, 'create', '新建', 1, '1', '0', '0', 'system', now(), null, null, null);
insert into sys_module_state (id, module_id, state_code, state_name, sort, is_initial, is_final, status, create_by, create_time, update_by, update_time, note) values (309102, 309, 'edit', '编辑', 2, '0', '0', '0', 'system', now(), null, null, null);
insert into sys_module_state (id, module_id, state_code, state_name, sort, is_initial, is_final, status, create_by, create_time, update_by, update_time, note) values (313101, 313, 'create', '新建', 1, '1', '0', '0', 'system', now(), null, null, null);
insert into sys_module_state (id, module_id, state_code, state_name, sort, is_initial, is_final, status, create_by, create_time, update_by, update_time, note) values (313102, 313, 'edit', '编辑', 2, '0', '0', '0', 'system', now(), null, null, null);

insert into sys_module_state (id, module_id, state_code, state_name, sort, is_initial, is_final, status, create_by, create_time, update_by, update_time, note) values (101101, 101, 'unaudited', '未审核', 1, '1', '0', '0', 'system', now(), null, null, null);
insert into sys_module_state (id, module_id, state_code, state_name, sort, is_initial, is_final, status, create_by, create_time, update_by, update_time, note) values (101102, 101, 'pre_audited', '待审核', 2, '0', '0', '0', 'system', now(), null, null, null);
insert into sys_module_state (id, module_id, state_code, state_name, sort, is_initial, is_final, status, create_by, create_time, update_by, update_time, note) values (101103, 101, 'audited', '已审核', 3, '0', '0', '0', 'system', now(), null, null, null);
insert into sys_module_state (id, module_id, state_code, state_name, sort, is_initial, is_final, status, create_by, create_time, update_by, update_time, note) values (101104, 101, 'shipped', '已发运', 4, '0', '0', '0', 'system', now(), null, null, null);
insert into sys_module_state (id, module_id, state_code, state_name, sort, is_initial, is_final, status, create_by, create_time, update_by, update_time, note) values (101105, 101, 'completed', '已完成', 5, '0', '1', '0', 'system', now(), null, null, null);

insert into sys_module_transition (id, module_id, action_button_code, from_state_code, to_state_code, sort, status, create_by, create_time, update_by, update_time, note) values (101201, 101, 'submit', 'unaudited', 'pre_audited', 1, '0', 'system', now(), null, null, null);
insert into sys_module_transition (id, module_id, action_button_code, from_state_code, to_state_code, sort, status, create_by, create_time, update_by, update_time, note) values (101202, 101, 'audit', 'pre_audited', 'audited', 2, '0', 'system', now(), null, null, null);
insert into sys_module_transition (id, module_id, action_button_code, from_state_code, to_state_code, sort, status, create_by, create_time, update_by, update_time, note) values (101203, 101, 'ship', 'audited', 'shipped', 3, '0', 'system', now(), null, null, null);
insert into sys_module_transition (id, module_id, action_button_code, from_state_code, to_state_code, sort, status, create_by, create_time, update_by, update_time, note) values (101204, 101, 'complete', 'shipped', 'completed', 4, '0', 'system', now(), null, null, null);


insert into sys_module_state_field_auth (id, module_id, state_code, field_id, permission_level, create_by, create_time, update_by, update_time, note) values (9701, 101, 'unaudited', 1010308, 1, 'system', now(), null, null, null);
insert into sys_module_state_field_auth (id, module_id, state_code, field_id, permission_level, create_by, create_time, update_by, update_time, note) values (9702, 101, 'unaudited', 1010309, 1, 'system', now(), null, null, null);
insert into sys_module_state_field_auth (id, module_id, state_code, field_id, permission_level, create_by, create_time, update_by, update_time, note) values (9703, 101, 'unaudited', 1010408, 1, 'system', now(), null, null, null);
insert into sys_module_state_field_auth (id, module_id, state_code, field_id, permission_level, create_by, create_time, update_by, update_time, note) values (9704, 101, 'unaudited', 1010409, 1, 'system', now(), null, null, null);
insert into sys_module_state_field_auth (id, module_id, state_code, field_id, permission_level, create_by, create_time, update_by, update_time, note) values (9705, 101, 'unaudited', 1010501, 1, 'system', now(), null, null, null);
insert into sys_module_state_field_auth (id, module_id, state_code, field_id, permission_level, create_by, create_time, update_by, update_time, note) values (9706, 101, 'unaudited', 1010502, 1, 'system', now(), null, null, null);
insert into sys_module_state_field_auth (id, module_id, state_code, field_id, permission_level, create_by, create_time, update_by, update_time, note) values (9707, 101, 'unaudited', 1010503, 1, 'system', now(), null, null, null);
insert into sys_module_state_field_auth (id, module_id, state_code, field_id, permission_level, create_by, create_time, update_by, update_time, note) values (9708, 101, 'unaudited', 1010504, 1, 'system', now(), null, null, null);
insert into sys_module_state_field_auth (id, module_id, state_code, field_id, permission_level, create_by, create_time, update_by, update_time, note) values (9709, 101, 'unaudited', 1010505, 1, 'system', now(), null, null, null);
insert into sys_module_state_field_auth (id, module_id, state_code, field_id, permission_level, create_by, create_time, update_by, update_time, note) values (9710, 101, 'unaudited', 1010506, 1, 'system', now(), null, null, null);
insert into sys_module_state_field_auth (id, module_id, state_code, field_id, permission_level, create_by, create_time, update_by, update_time, note) values (9711, 101, 'unaudited', 1010507, 1, 'system', now(), null, null, null);
insert into sys_module_state_field_auth (id, module_id, state_code, field_id, permission_level, create_by, create_time, update_by, update_time, note) values (9712, 101, 'unaudited', 1010601, 1, 'system', now(), null, null, null);
insert into sys_module_state_field_auth (id, module_id, state_code, field_id, permission_level, create_by, create_time, update_by, update_time, note) values (9713, 101, 'unaudited', 1010602, 1, 'system', now(), null, null, null);
insert into sys_module_state_field_auth (id, module_id, state_code, field_id, permission_level, create_by, create_time, update_by, update_time, note) values (9714, 101, 'unaudited', 1010603, 1, 'system', now(), null, null, null);
insert into sys_module_state_field_auth (id, module_id, state_code, field_id, permission_level, create_by, create_time, update_by, update_time, note) values (9715, 101, 'unaudited', 1010604, 1, 'system', now(), null, null, null);
insert into sys_module_state_field_auth (id, module_id, state_code, field_id, permission_level, create_by, create_time, update_by, update_time, note) values (9716, 101, 'unaudited', 1010605, 1, 'system', now(), null, null, null);
insert into sys_module_state_field_auth (id, module_id, state_code, field_id, permission_level, create_by, create_time, update_by, update_time, note) values (9717, 101, 'unaudited', 1010606, 1, 'system', now(), null, null, null);
insert into sys_module_state_field_auth (id, module_id, state_code, field_id, permission_level, create_by, create_time, update_by, update_time, note) values (9718, 101, 'pre_audited', 1010301, 1, 'system', now(), null, null, null);
insert into sys_module_state_field_auth (id, module_id, state_code, field_id, permission_level, create_by, create_time, update_by, update_time, note) values (9719, 101, 'pre_audited', 1010302, 1, 'system', now(), null, null, null);
insert into sys_module_state_field_auth (id, module_id, state_code, field_id, permission_level, create_by, create_time, update_by, update_time, note) values (9720, 101, 'pre_audited', 1010303, 1, 'system', now(), null, null, null);
insert into sys_module_state_field_auth (id, module_id, state_code, field_id, permission_level, create_by, create_time, update_by, update_time, note) values (9721, 101, 'pre_audited', 1010304, 1, 'system', now(), null, null, null);
insert into sys_module_state_field_auth (id, module_id, state_code, field_id, permission_level, create_by, create_time, update_by, update_time, note) values (9722, 101, 'pre_audited', 1010305, 1, 'system', now(), null, null, null);
insert into sys_module_state_field_auth (id, module_id, state_code, field_id, permission_level, create_by, create_time, update_by, update_time, note) values (9723, 101, 'pre_audited', 1010306, 1, 'system', now(), null, null, null);
insert into sys_module_state_field_auth (id, module_id, state_code, field_id, permission_level, create_by, create_time, update_by, update_time, note) values (9724, 101, 'pre_audited', 1010307, 1, 'system', now(), null, null, null);
insert into sys_module_state_field_auth (id, module_id, state_code, field_id, permission_level, create_by, create_time, update_by, update_time, note) values (9725, 101, 'pre_audited', 1010308, 1, 'system', now(), null, null, null);
insert into sys_module_state_field_auth (id, module_id, state_code, field_id, permission_level, create_by, create_time, update_by, update_time, note) values (9726, 101, 'pre_audited', 1010309, 1, 'system', now(), null, null, null);
insert into sys_module_state_field_auth (id, module_id, state_code, field_id, permission_level, create_by, create_time, update_by, update_time, note) values (9727, 101, 'pre_audited', 1010401, 1, 'system', now(), null, null, null);
insert into sys_module_state_field_auth (id, module_id, state_code, field_id, permission_level, create_by, create_time, update_by, update_time, note) values (9728, 101, 'pre_audited', 1010402, 1, 'system', now(), null, null, null);
insert into sys_module_state_field_auth (id, module_id, state_code, field_id, permission_level, create_by, create_time, update_by, update_time, note) values (9729, 101, 'pre_audited', 1010403, 1, 'system', now(), null, null, null);
insert into sys_module_state_field_auth (id, module_id, state_code, field_id, permission_level, create_by, create_time, update_by, update_time, note) values (9730, 101, 'pre_audited', 1010404, 1, 'system', now(), null, null, null);
insert into sys_module_state_field_auth (id, module_id, state_code, field_id, permission_level, create_by, create_time, update_by, update_time, note) values (9731, 101, 'pre_audited', 1010405, 1, 'system', now(), null, null, null);
insert into sys_module_state_field_auth (id, module_id, state_code, field_id, permission_level, create_by, create_time, update_by, update_time, note) values (9732, 101, 'pre_audited', 1010406, 1, 'system', now(), null, null, null);
insert into sys_module_state_field_auth (id, module_id, state_code, field_id, permission_level, create_by, create_time, update_by, update_time, note) values (9733, 101, 'pre_audited', 1010407, 1, 'system', now(), null, null, null);
insert into sys_module_state_field_auth (id, module_id, state_code, field_id, permission_level, create_by, create_time, update_by, update_time, note) values (9734, 101, 'pre_audited', 1010408, 1, 'system', now(), null, null, null);
insert into sys_module_state_field_auth (id, module_id, state_code, field_id, permission_level, create_by, create_time, update_by, update_time, note) values (9735, 101, 'pre_audited', 1010409, 1, 'system', now(), null, null, null);
insert into sys_module_state_field_auth (id, module_id, state_code, field_id, permission_level, create_by, create_time, update_by, update_time, note) values (9736, 101, 'pre_audited', 1010501, 1, 'system', now(), null, null, null);
insert into sys_module_state_field_auth (id, module_id, state_code, field_id, permission_level, create_by, create_time, update_by, update_time, note) values (9737, 101, 'pre_audited', 1010502, 1, 'system', now(), null, null, null);
insert into sys_module_state_field_auth (id, module_id, state_code, field_id, permission_level, create_by, create_time, update_by, update_time, note) values (9738, 101, 'pre_audited', 1010503, 1, 'system', now(), null, null, null);
insert into sys_module_state_field_auth (id, module_id, state_code, field_id, permission_level, create_by, create_time, update_by, update_time, note) values (9739, 101, 'pre_audited', 1010504, 1, 'system', now(), null, null, null);
insert into sys_module_state_field_auth (id, module_id, state_code, field_id, permission_level, create_by, create_time, update_by, update_time, note) values (9740, 101, 'pre_audited', 1010505, 1, 'system', now(), null, null, null);
insert into sys_module_state_field_auth (id, module_id, state_code, field_id, permission_level, create_by, create_time, update_by, update_time, note) values (9741, 101, 'pre_audited', 1010506, 1, 'system', now(), null, null, null);
insert into sys_module_state_field_auth (id, module_id, state_code, field_id, permission_level, create_by, create_time, update_by, update_time, note) values (9742, 101, 'pre_audited', 1010507, 1, 'system', now(), null, null, null);
insert into sys_module_state_field_auth (id, module_id, state_code, field_id, permission_level, create_by, create_time, update_by, update_time, note) values (9743, 101, 'pre_audited', 1010601, 1, 'system', now(), null, null, null);
insert into sys_module_state_field_auth (id, module_id, state_code, field_id, permission_level, create_by, create_time, update_by, update_time, note) values (9744, 101, 'pre_audited', 1010602, 1, 'system', now(), null, null, null);
insert into sys_module_state_field_auth (id, module_id, state_code, field_id, permission_level, create_by, create_time, update_by, update_time, note) values (9745, 101, 'pre_audited', 1010603, 1, 'system', now(), null, null, null);
insert into sys_module_state_field_auth (id, module_id, state_code, field_id, permission_level, create_by, create_time, update_by, update_time, note) values (9746, 101, 'pre_audited', 1010604, 1, 'system', now(), null, null, null);
insert into sys_module_state_field_auth (id, module_id, state_code, field_id, permission_level, create_by, create_time, update_by, update_time, note) values (9747, 101, 'pre_audited', 1010605, 1, 'system', now(), null, null, null);
insert into sys_module_state_field_auth (id, module_id, state_code, field_id, permission_level, create_by, create_time, update_by, update_time, note) values (9748, 101, 'pre_audited', 1010606, 1, 'system', now(), null, null, null);
insert into sys_module_state_field_auth (id, module_id, state_code, field_id, permission_level, create_by, create_time, update_by, update_time, note) values (9749, 101, 'audited', 1010301, 1, 'system', now(), null, null, null);
insert into sys_module_state_field_auth (id, module_id, state_code, field_id, permission_level, create_by, create_time, update_by, update_time, note) values (9750, 101, 'audited', 1010302, 1, 'system', now(), null, null, null);
insert into sys_module_state_field_auth (id, module_id, state_code, field_id, permission_level, create_by, create_time, update_by, update_time, note) values (9751, 101, 'audited', 1010303, 1, 'system', now(), null, null, null);
insert into sys_module_state_field_auth (id, module_id, state_code, field_id, permission_level, create_by, create_time, update_by, update_time, note) values (9752, 101, 'audited', 1010304, 1, 'system', now(), null, null, null);
insert into sys_module_state_field_auth (id, module_id, state_code, field_id, permission_level, create_by, create_time, update_by, update_time, note) values (9753, 101, 'audited', 1010305, 1, 'system', now(), null, null, null);
insert into sys_module_state_field_auth (id, module_id, state_code, field_id, permission_level, create_by, create_time, update_by, update_time, note) values (9754, 101, 'audited', 1010306, 1, 'system', now(), null, null, null);
insert into sys_module_state_field_auth (id, module_id, state_code, field_id, permission_level, create_by, create_time, update_by, update_time, note) values (9755, 101, 'audited', 1010307, 1, 'system', now(), null, null, null);
insert into sys_module_state_field_auth (id, module_id, state_code, field_id, permission_level, create_by, create_time, update_by, update_time, note) values (9756, 101, 'audited', 1010308, 1, 'system', now(), null, null, null);
insert into sys_module_state_field_auth (id, module_id, state_code, field_id, permission_level, create_by, create_time, update_by, update_time, note) values (9757, 101, 'audited', 1010309, 1, 'system', now(), null, null, null);
insert into sys_module_state_field_auth (id, module_id, state_code, field_id, permission_level, create_by, create_time, update_by, update_time, note) values (9758, 101, 'audited', 1010401, 1, 'system', now(), null, null, null);
insert into sys_module_state_field_auth (id, module_id, state_code, field_id, permission_level, create_by, create_time, update_by, update_time, note) values (9759, 101, 'audited', 1010402, 1, 'system', now(), null, null, null);
insert into sys_module_state_field_auth (id, module_id, state_code, field_id, permission_level, create_by, create_time, update_by, update_time, note) values (9760, 101, 'audited', 1010403, 1, 'system', now(), null, null, null);
insert into sys_module_state_field_auth (id, module_id, state_code, field_id, permission_level, create_by, create_time, update_by, update_time, note) values (9761, 101, 'audited', 1010404, 1, 'system', now(), null, null, null);
insert into sys_module_state_field_auth (id, module_id, state_code, field_id, permission_level, create_by, create_time, update_by, update_time, note) values (9762, 101, 'audited', 1010405, 1, 'system', now(), null, null, null);
insert into sys_module_state_field_auth (id, module_id, state_code, field_id, permission_level, create_by, create_time, update_by, update_time, note) values (9763, 101, 'audited', 1010406, 1, 'system', now(), null, null, null);
insert into sys_module_state_field_auth (id, module_id, state_code, field_id, permission_level, create_by, create_time, update_by, update_time, note) values (9764, 101, 'audited', 1010407, 1, 'system', now(), null, null, null);
insert into sys_module_state_field_auth (id, module_id, state_code, field_id, permission_level, create_by, create_time, update_by, update_time, note) values (9765, 101, 'audited', 1010408, 1, 'system', now(), null, null, null);
insert into sys_module_state_field_auth (id, module_id, state_code, field_id, permission_level, create_by, create_time, update_by, update_time, note) values (9766, 101, 'audited', 1010409, 1, 'system', now(), null, null, null);
insert into sys_module_state_field_auth (id, module_id, state_code, field_id, permission_level, create_by, create_time, update_by, update_time, note) values (9767, 101, 'audited', 1010501, 1, 'system', now(), null, null, null);
insert into sys_module_state_field_auth (id, module_id, state_code, field_id, permission_level, create_by, create_time, update_by, update_time, note) values (9768, 101, 'audited', 1010502, 1, 'system', now(), null, null, null);
insert into sys_module_state_field_auth (id, module_id, state_code, field_id, permission_level, create_by, create_time, update_by, update_time, note) values (9769, 101, 'audited', 1010503, 1, 'system', now(), null, null, null);
insert into sys_module_state_field_auth (id, module_id, state_code, field_id, permission_level, create_by, create_time, update_by, update_time, note) values (9770, 101, 'audited', 1010504, 1, 'system', now(), null, null, null);
insert into sys_module_state_field_auth (id, module_id, state_code, field_id, permission_level, create_by, create_time, update_by, update_time, note) values (9771, 101, 'audited', 1010505, 1, 'system', now(), null, null, null);
insert into sys_module_state_field_auth (id, module_id, state_code, field_id, permission_level, create_by, create_time, update_by, update_time, note) values (9772, 101, 'audited', 1010506, 1, 'system', now(), null, null, null);
insert into sys_module_state_field_auth (id, module_id, state_code, field_id, permission_level, create_by, create_time, update_by, update_time, note) values (9773, 101, 'audited', 1010507, 1, 'system', now(), null, null, null);
insert into sys_module_state_field_auth (id, module_id, state_code, field_id, permission_level, create_by, create_time, update_by, update_time, note) values (9774, 101, 'audited', 1010601, 1, 'system', now(), null, null, null);
insert into sys_module_state_field_auth (id, module_id, state_code, field_id, permission_level, create_by, create_time, update_by, update_time, note) values (9775, 101, 'audited', 1010602, 1, 'system', now(), null, null, null);
insert into sys_module_state_field_auth (id, module_id, state_code, field_id, permission_level, create_by, create_time, update_by, update_time, note) values (9776, 101, 'audited', 1010603, 1, 'system', now(), null, null, null);
insert into sys_module_state_field_auth (id, module_id, state_code, field_id, permission_level, create_by, create_time, update_by, update_time, note) values (9777, 101, 'audited', 1010604, 1, 'system', now(), null, null, null);
insert into sys_module_state_field_auth (id, module_id, state_code, field_id, permission_level, create_by, create_time, update_by, update_time, note) values (9778, 101, 'audited', 1010605, 1, 'system', now(), null, null, null);
insert into sys_module_state_field_auth (id, module_id, state_code, field_id, permission_level, create_by, create_time, update_by, update_time, note) values (9779, 101, 'audited', 1010606, 1, 'system', now(), null, null, null);
insert into sys_module_state_field_auth (id, module_id, state_code, field_id, permission_level, create_by, create_time, update_by, update_time, note) values (9780, 101, 'shipped', 1010301, 1, 'system', now(), null, null, null);
insert into sys_module_state_field_auth (id, module_id, state_code, field_id, permission_level, create_by, create_time, update_by, update_time, note) values (9781, 101, 'shipped', 1010302, 1, 'system', now(), null, null, null);
insert into sys_module_state_field_auth (id, module_id, state_code, field_id, permission_level, create_by, create_time, update_by, update_time, note) values (9782, 101, 'shipped', 1010303, 1, 'system', now(), null, null, null);
insert into sys_module_state_field_auth (id, module_id, state_code, field_id, permission_level, create_by, create_time, update_by, update_time, note) values (9783, 101, 'shipped', 1010304, 1, 'system', now(), null, null, null);
insert into sys_module_state_field_auth (id, module_id, state_code, field_id, permission_level, create_by, create_time, update_by, update_time, note) values (9784, 101, 'shipped', 1010305, 1, 'system', now(), null, null, null);
insert into sys_module_state_field_auth (id, module_id, state_code, field_id, permission_level, create_by, create_time, update_by, update_time, note) values (9785, 101, 'shipped', 1010306, 1, 'system', now(), null, null, null);
insert into sys_module_state_field_auth (id, module_id, state_code, field_id, permission_level, create_by, create_time, update_by, update_time, note) values (9786, 101, 'shipped', 1010307, 1, 'system', now(), null, null, null);
insert into sys_module_state_field_auth (id, module_id, state_code, field_id, permission_level, create_by, create_time, update_by, update_time, note) values (9787, 101, 'shipped', 1010308, 1, 'system', now(), null, null, null);
insert into sys_module_state_field_auth (id, module_id, state_code, field_id, permission_level, create_by, create_time, update_by, update_time, note) values (9788, 101, 'shipped', 1010309, 1, 'system', now(), null, null, null);
insert into sys_module_state_field_auth (id, module_id, state_code, field_id, permission_level, create_by, create_time, update_by, update_time, note) values (9789, 101, 'shipped', 1010401, 1, 'system', now(), null, null, null);
insert into sys_module_state_field_auth (id, module_id, state_code, field_id, permission_level, create_by, create_time, update_by, update_time, note) values (9790, 101, 'shipped', 1010402, 1, 'system', now(), null, null, null);
insert into sys_module_state_field_auth (id, module_id, state_code, field_id, permission_level, create_by, create_time, update_by, update_time, note) values (9791, 101, 'shipped', 1010403, 1, 'system', now(), null, null, null);
insert into sys_module_state_field_auth (id, module_id, state_code, field_id, permission_level, create_by, create_time, update_by, update_time, note) values (9792, 101, 'shipped', 1010404, 1, 'system', now(), null, null, null);
insert into sys_module_state_field_auth (id, module_id, state_code, field_id, permission_level, create_by, create_time, update_by, update_time, note) values (9793, 101, 'shipped', 1010405, 1, 'system', now(), null, null, null);
insert into sys_module_state_field_auth (id, module_id, state_code, field_id, permission_level, create_by, create_time, update_by, update_time, note) values (9794, 101, 'shipped', 1010406, 1, 'system', now(), null, null, null);
insert into sys_module_state_field_auth (id, module_id, state_code, field_id, permission_level, create_by, create_time, update_by, update_time, note) values (9795, 101, 'shipped', 1010407, 1, 'system', now(), null, null, null);
insert into sys_module_state_field_auth (id, module_id, state_code, field_id, permission_level, create_by, create_time, update_by, update_time, note) values (9796, 101, 'shipped', 1010408, 1, 'system', now(), null, null, null);
insert into sys_module_state_field_auth (id, module_id, state_code, field_id, permission_level, create_by, create_time, update_by, update_time, note) values (9797, 101, 'shipped', 1010409, 1, 'system', now(), null, null, null);
insert into sys_module_state_field_auth (id, module_id, state_code, field_id, permission_level, create_by, create_time, update_by, update_time, note) values (9798, 101, 'shipped', 1010501, 1, 'system', now(), null, null, null);
insert into sys_module_state_field_auth (id, module_id, state_code, field_id, permission_level, create_by, create_time, update_by, update_time, note) values (9799, 101, 'shipped', 1010502, 1, 'system', now(), null, null, null);
insert into sys_module_state_field_auth (id, module_id, state_code, field_id, permission_level, create_by, create_time, update_by, update_time, note) values (9800, 101, 'shipped', 1010503, 1, 'system', now(), null, null, null);
insert into sys_module_state_field_auth (id, module_id, state_code, field_id, permission_level, create_by, create_time, update_by, update_time, note) values (9801, 101, 'shipped', 1010504, 1, 'system', now(), null, null, null);
insert into sys_module_state_field_auth (id, module_id, state_code, field_id, permission_level, create_by, create_time, update_by, update_time, note) values (9802, 101, 'shipped', 1010505, 1, 'system', now(), null, null, null);
insert into sys_module_state_field_auth (id, module_id, state_code, field_id, permission_level, create_by, create_time, update_by, update_time, note) values (9803, 101, 'shipped', 1010506, 1, 'system', now(), null, null, null);
insert into sys_module_state_field_auth (id, module_id, state_code, field_id, permission_level, create_by, create_time, update_by, update_time, note) values (9804, 101, 'shipped', 1010507, 1, 'system', now(), null, null, null);
insert into sys_module_state_field_auth (id, module_id, state_code, field_id, permission_level, create_by, create_time, update_by, update_time, note) values (9805, 101, 'shipped', 1010601, 1, 'system', now(), null, null, null);
insert into sys_module_state_field_auth (id, module_id, state_code, field_id, permission_level, create_by, create_time, update_by, update_time, note) values (9806, 101, 'shipped', 1010602, 1, 'system', now(), null, null, null);
insert into sys_module_state_field_auth (id, module_id, state_code, field_id, permission_level, create_by, create_time, update_by, update_time, note) values (9807, 101, 'shipped', 1010603, 1, 'system', now(), null, null, null);
insert into sys_module_state_field_auth (id, module_id, state_code, field_id, permission_level, create_by, create_time, update_by, update_time, note) values (9808, 101, 'shipped', 1010604, 1, 'system', now(), null, null, null);
insert into sys_module_state_field_auth (id, module_id, state_code, field_id, permission_level, create_by, create_time, update_by, update_time, note) values (9809, 101, 'shipped', 1010605, 1, 'system', now(), null, null, null);
insert into sys_module_state_field_auth (id, module_id, state_code, field_id, permission_level, create_by, create_time, update_by, update_time, note) values (9810, 101, 'shipped', 1010606, 1, 'system', now(), null, null, null);
insert into sys_module_state_field_auth (id, module_id, state_code, field_id, permission_level, create_by, create_time, update_by, update_time, note) values (9811, 101, 'completed', 1010301, 1, 'system', now(), null, null, null);
insert into sys_module_state_field_auth (id, module_id, state_code, field_id, permission_level, create_by, create_time, update_by, update_time, note) values (9812, 101, 'completed', 1010302, 1, 'system', now(), null, null, null);
insert into sys_module_state_field_auth (id, module_id, state_code, field_id, permission_level, create_by, create_time, update_by, update_time, note) values (9813, 101, 'completed', 1010303, 1, 'system', now(), null, null, null);
insert into sys_module_state_field_auth (id, module_id, state_code, field_id, permission_level, create_by, create_time, update_by, update_time, note) values (9814, 101, 'completed', 1010304, 1, 'system', now(), null, null, null);
insert into sys_module_state_field_auth (id, module_id, state_code, field_id, permission_level, create_by, create_time, update_by, update_time, note) values (9815, 101, 'completed', 1010305, 1, 'system', now(), null, null, null);
insert into sys_module_state_field_auth (id, module_id, state_code, field_id, permission_level, create_by, create_time, update_by, update_time, note) values (9816, 101, 'completed', 1010306, 1, 'system', now(), null, null, null);
insert into sys_module_state_field_auth (id, module_id, state_code, field_id, permission_level, create_by, create_time, update_by, update_time, note) values (9817, 101, 'completed', 1010307, 1, 'system', now(), null, null, null);
insert into sys_module_state_field_auth (id, module_id, state_code, field_id, permission_level, create_by, create_time, update_by, update_time, note) values (9818, 101, 'completed', 1010308, 1, 'system', now(), null, null, null);
insert into sys_module_state_field_auth (id, module_id, state_code, field_id, permission_level, create_by, create_time, update_by, update_time, note) values (9819, 101, 'completed', 1010309, 1, 'system', now(), null, null, null);
insert into sys_module_state_field_auth (id, module_id, state_code, field_id, permission_level, create_by, create_time, update_by, update_time, note) values (9820, 101, 'completed', 1010401, 1, 'system', now(), null, null, null);
insert into sys_module_state_field_auth (id, module_id, state_code, field_id, permission_level, create_by, create_time, update_by, update_time, note) values (9821, 101, 'completed', 1010402, 1, 'system', now(), null, null, null);
insert into sys_module_state_field_auth (id, module_id, state_code, field_id, permission_level, create_by, create_time, update_by, update_time, note) values (9822, 101, 'completed', 1010403, 1, 'system', now(), null, null, null);
insert into sys_module_state_field_auth (id, module_id, state_code, field_id, permission_level, create_by, create_time, update_by, update_time, note) values (9823, 101, 'completed', 1010404, 1, 'system', now(), null, null, null);
insert into sys_module_state_field_auth (id, module_id, state_code, field_id, permission_level, create_by, create_time, update_by, update_time, note) values (9824, 101, 'completed', 1010405, 1, 'system', now(), null, null, null);
insert into sys_module_state_field_auth (id, module_id, state_code, field_id, permission_level, create_by, create_time, update_by, update_time, note) values (9825, 101, 'completed', 1010406, 1, 'system', now(), null, null, null);
insert into sys_module_state_field_auth (id, module_id, state_code, field_id, permission_level, create_by, create_time, update_by, update_time, note) values (9826, 101, 'completed', 1010407, 1, 'system', now(), null, null, null);
insert into sys_module_state_field_auth (id, module_id, state_code, field_id, permission_level, create_by, create_time, update_by, update_time, note) values (9827, 101, 'completed', 1010408, 1, 'system', now(), null, null, null);
insert into sys_module_state_field_auth (id, module_id, state_code, field_id, permission_level, create_by, create_time, update_by, update_time, note) values (9828, 101, 'completed', 1010409, 1, 'system', now(), null, null, null);
insert into sys_module_state_field_auth (id, module_id, state_code, field_id, permission_level, create_by, create_time, update_by, update_time, note) values (9829, 101, 'completed', 1010501, 1, 'system', now(), null, null, null);
insert into sys_module_state_field_auth (id, module_id, state_code, field_id, permission_level, create_by, create_time, update_by, update_time, note) values (9830, 101, 'completed', 1010502, 1, 'system', now(), null, null, null);
insert into sys_module_state_field_auth (id, module_id, state_code, field_id, permission_level, create_by, create_time, update_by, update_time, note) values (9831, 101, 'completed', 1010503, 1, 'system', now(), null, null, null);
insert into sys_module_state_field_auth (id, module_id, state_code, field_id, permission_level, create_by, create_time, update_by, update_time, note) values (9832, 101, 'completed', 1010504, 1, 'system', now(), null, null, null);
insert into sys_module_state_field_auth (id, module_id, state_code, field_id, permission_level, create_by, create_time, update_by, update_time, note) values (9833, 101, 'completed', 1010505, 1, 'system', now(), null, null, null);
insert into sys_module_state_field_auth (id, module_id, state_code, field_id, permission_level, create_by, create_time, update_by, update_time, note) values (9834, 101, 'completed', 1010506, 1, 'system', now(), null, null, null);
insert into sys_module_state_field_auth (id, module_id, state_code, field_id, permission_level, create_by, create_time, update_by, update_time, note) values (9835, 101, 'completed', 1010507, 1, 'system', now(), null, null, null);
insert into sys_module_state_field_auth (id, module_id, state_code, field_id, permission_level, create_by, create_time, update_by, update_time, note) values (9836, 101, 'completed', 1010601, 1, 'system', now(), null, null, null);
insert into sys_module_state_field_auth (id, module_id, state_code, field_id, permission_level, create_by, create_time, update_by, update_time, note) values (9837, 101, 'completed', 1010602, 1, 'system', now(), null, null, null);
insert into sys_module_state_field_auth (id, module_id, state_code, field_id, permission_level, create_by, create_time, update_by, update_time, note) values (9838, 101, 'completed', 1010603, 1, 'system', now(), null, null, null);
insert into sys_module_state_field_auth (id, module_id, state_code, field_id, permission_level, create_by, create_time, update_by, update_time, note) values (9839, 101, 'completed', 1010604, 1, 'system', now(), null, null, null);
insert into sys_module_state_field_auth (id, module_id, state_code, field_id, permission_level, create_by, create_time, update_by, update_time, note) values (9840, 101, 'completed', 1010605, 1, 'system', now(), null, null, null);
insert into sys_module_state_field_auth (id, module_id, state_code, field_id, permission_level, create_by, create_time, update_by, update_time, note) values (9841, 101, 'completed', 1010606, 1, 'system', now(), null, null, null);

insert into sys_module_state_button_auth (id, module_id, state_code, button_id, permission_level, create_by, create_time, update_by, update_time, note) values (9842, 101, 'unaudited', 101007, 0, 'system', now(), null, null, null);
insert into sys_module_state_button_auth (id, module_id, state_code, button_id, permission_level, create_by, create_time, update_by, update_time, note) values (9843, 101, 'unaudited', 101008, 0, 'system', now(), null, null, null);
insert into sys_module_state_button_auth (id, module_id, state_code, button_id, permission_level, create_by, create_time, update_by, update_time, note) values (9844, 101, 'unaudited', 101009, 0, 'system', now(), null, null, null);
insert into sys_module_state_button_auth (id, module_id, state_code, button_id, permission_level, create_by, create_time, update_by, update_time, note) values (9845, 101, 'pre_audited', 101005, 0, 'system', now(), null, null, null);
insert into sys_module_state_button_auth (id, module_id, state_code, button_id, permission_level, create_by, create_time, update_by, update_time, note) values (9846, 101, 'pre_audited', 101006, 0, 'system', now(), null, null, null);
insert into sys_module_state_button_auth (id, module_id, state_code, button_id, permission_level, create_by, create_time, update_by, update_time, note) values (9847, 101, 'pre_audited', 101007, 2, 'system', now(), null, null, null);
insert into sys_module_state_button_auth (id, module_id, state_code, button_id, permission_level, create_by, create_time, update_by, update_time, note) values (9848, 101, 'pre_audited', 101008, 0, 'system', now(), null, null, null);
insert into sys_module_state_button_auth (id, module_id, state_code, button_id, permission_level, create_by, create_time, update_by, update_time, note) values (9849, 101, 'pre_audited', 101009, 0, 'system', now(), null, null, null);
insert into sys_module_state_button_auth (id, module_id, state_code, button_id, permission_level, create_by, create_time, update_by, update_time, note) values (9850, 101, 'pre_audited', 101010, 0, 'system', now(), null, null, null);
insert into sys_module_state_button_auth (id, module_id, state_code, button_id, permission_level, create_by, create_time, update_by, update_time, note) values (9851, 101, 'pre_audited', 101011, 0, 'system', now(), null, null, null);
insert into sys_module_state_button_auth (id, module_id, state_code, button_id, permission_level, create_by, create_time, update_by, update_time, note) values (9852, 101, 'audited', 101005, 0, 'system', now(), null, null, null);
insert into sys_module_state_button_auth (id, module_id, state_code, button_id, permission_level, create_by, create_time, update_by, update_time, note) values (9853, 101, 'audited', 101006, 0, 'system', now(), null, null, null);
insert into sys_module_state_button_auth (id, module_id, state_code, button_id, permission_level, create_by, create_time, update_by, update_time, note) values (9854, 101, 'audited', 101007, 0, 'system', now(), null, null, null);
insert into sys_module_state_button_auth (id, module_id, state_code, button_id, permission_level, create_by, create_time, update_by, update_time, note) values (9855, 101, 'audited', 101008, 2, 'system', now(), null, null, null);
insert into sys_module_state_button_auth (id, module_id, state_code, button_id, permission_level, create_by, create_time, update_by, update_time, note) values (9856, 101, 'audited', 101009, 0, 'system', now(), null, null, null);
insert into sys_module_state_button_auth (id, module_id, state_code, button_id, permission_level, create_by, create_time, update_by, update_time, note) values (9857, 101, 'audited', 101010, 0, 'system', now(), null, null, null);
insert into sys_module_state_button_auth (id, module_id, state_code, button_id, permission_level, create_by, create_time, update_by, update_time, note) values (9858, 101, 'audited', 101011, 0, 'system', now(), null, null, null);
insert into sys_module_state_button_auth (id, module_id, state_code, button_id, permission_level, create_by, create_time, update_by, update_time, note) values (9859, 101, 'shipped', 101005, 0, 'system', now(), null, null, null);
insert into sys_module_state_button_auth (id, module_id, state_code, button_id, permission_level, create_by, create_time, update_by, update_time, note) values (9860, 101, 'shipped', 101006, 0, 'system', now(), null, null, null);
insert into sys_module_state_button_auth (id, module_id, state_code, button_id, permission_level, create_by, create_time, update_by, update_time, note) values (9861, 101, 'shipped', 101007, 0, 'system', now(), null, null, null);
insert into sys_module_state_button_auth (id, module_id, state_code, button_id, permission_level, create_by, create_time, update_by, update_time, note) values (9862, 101, 'shipped', 101008, 0, 'system', now(), null, null, null);
insert into sys_module_state_button_auth (id, module_id, state_code, button_id, permission_level, create_by, create_time, update_by, update_time, note) values (9863, 101, 'shipped', 101009, 2, 'system', now(), null, null, null);
insert into sys_module_state_button_auth (id, module_id, state_code, button_id, permission_level, create_by, create_time, update_by, update_time, note) values (9864, 101, 'shipped', 101010, 0, 'system', now(), null, null, null);
insert into sys_module_state_button_auth (id, module_id, state_code, button_id, permission_level, create_by, create_time, update_by, update_time, note) values (9865, 101, 'shipped', 101011, 0, 'system', now(), null, null, null);
insert into sys_module_state_button_auth (id, module_id, state_code, button_id, permission_level, create_by, create_time, update_by, update_time, note) values (9866, 101, 'completed', 101005, 0, 'system', now(), null, null, null);
insert into sys_module_state_button_auth (id, module_id, state_code, button_id, permission_level, create_by, create_time, update_by, update_time, note) values (9867, 101, 'completed', 101006, 0, 'system', now(), null, null, null);
insert into sys_module_state_button_auth (id, module_id, state_code, button_id, permission_level, create_by, create_time, update_by, update_time, note) values (9868, 101, 'completed', 101007, 0, 'system', now(), null, null, null);
insert into sys_module_state_button_auth (id, module_id, state_code, button_id, permission_level, create_by, create_time, update_by, update_time, note) values (9869, 101, 'completed', 101008, 0, 'system', now(), null, null, null);
insert into sys_module_state_button_auth (id, module_id, state_code, button_id, permission_level, create_by, create_time, update_by, update_time, note) values (9870, 101, 'completed', 101009, 0, 'system', now(), null, null, null);
insert into sys_module_state_button_auth (id, module_id, state_code, button_id, permission_level, create_by, create_time, update_by, update_time, note) values (9871, 101, 'completed', 101010, 0, 'system', now(), null, null, null);
insert into sys_module_state_button_auth (id, module_id, state_code, button_id, permission_level, create_by, create_time, update_by, update_time, note) values (9872, 101, 'completed', 101011, 0, 'system', now(), null, null, null);

insert into sys_org_post_module_auth (id, org_post_id, module_id, module_visible, nav_visible, create_by, create_time, update_by, update_time, note) values (9301, 9101, 100, '1', '1', 'system', now(), null, null, '总公司 admin 岗位默认拥有采购目录权限');
insert into sys_org_post_module_auth (id, org_post_id, module_id, module_visible, nav_visible, create_by, create_time, update_by, update_time, note) values (9302, 9101, 101, '1', '1', 'system', now(), null, null, '总公司 admin 岗位默认拥有采购订单权限');
insert into sys_org_post_module_auth (id, org_post_id, module_id, module_visible, nav_visible, create_by, create_time, update_by, update_time, note) values (9303, 9101, 102, '1', '0', 'system', now(), null, null, '总公司 admin 岗位默认拥有采购订单新增路由权限');
insert into sys_org_post_module_auth (id, org_post_id, module_id, module_visible, nav_visible, create_by, create_time, update_by, update_time, note) values (9304, 9101, 103, '1', '0', 'system', now(), null, null, '总公司 admin 岗位默认拥有采购订单详情路由权限');
insert into sys_org_post_module_auth (id, org_post_id, module_id, module_visible, nav_visible, create_by, create_time, update_by, update_time, note) values (9305, 9101, 300, '1', '1', 'system', now(), null, null, '总公司 admin 岗位默认拥有系统目录权限');
insert into sys_org_post_module_auth (id, org_post_id, module_id, module_visible, nav_visible, create_by, create_time, update_by, update_time, note) values (9306, 9101, 301, '1', '1', 'system', now(), null, null, '总公司 admin 岗位默认拥有用户管理权限');
insert into sys_org_post_module_auth (id, org_post_id, module_id, module_visible, nav_visible, create_by, create_time, update_by, update_time, note) values (9307, 9101, 303, '1', '1', 'system', now(), null, null, '总公司 admin 岗位默认拥有模块管理权限');
insert into sys_org_post_module_auth (id, org_post_id, module_id, module_visible, nav_visible, create_by, create_time, update_by, update_time, note) values (9308, 9101, 304, '1', '1', 'system', now(), null, null, '总公司 admin 岗位默认拥有岗位管理权限');
insert into sys_org_post_module_auth (id, org_post_id, module_id, module_visible, nav_visible, create_by, create_time, update_by, update_time, note) values (9309, 9101, 305, '1', '1', 'system', now(), null, null, '总公司 admin 岗位默认拥有功能授权权限');
insert into sys_org_post_module_auth (id, org_post_id, module_id, module_visible, nav_visible, create_by, create_time, update_by, update_time, note) values (9310, 9101, 306, '1', '1', 'system', now(), null, null, '总公司 admin 岗位默认拥有字段标题权限');
insert into sys_org_post_module_auth (id, org_post_id, module_id, module_visible, nav_visible, create_by, create_time, update_by, update_time, note) values (9311, 9101, 307, '1', '1', 'system', now(), null, null, '总公司 admin 岗位默认拥有状态权限');
insert into sys_org_post_module_auth (id, org_post_id, module_id, module_visible, nav_visible, create_by, create_time, update_by, update_time, note) values (9312, 9101, 308, '1', '1', 'system', now(), null, null, '总公司 admin 岗位默认拥有字典管理权限');
insert into sys_org_post_module_auth (id, org_post_id, module_id, module_visible, nav_visible, create_by, create_time, update_by, update_time, note) values (9313, 9101, 309, '1', '1', 'system', now(), null, null, '总公司 admin 岗位默认拥有参数设置权限');
insert into sys_org_post_module_auth (id, org_post_id, module_id, module_visible, nav_visible, create_by, create_time, update_by, update_time, note) values (9314, 9101, 310, '1', '1', 'system', now(), null, null, '总公司 admin 岗位默认拥有日志目录权限');
insert into sys_org_post_module_auth (id, org_post_id, module_id, module_visible, nav_visible, create_by, create_time, update_by, update_time, note) values (9315, 9101, 311, '1', '1', 'system', now(), null, null, '总公司 admin 岗位默认拥有操作日志权限');
insert into sys_org_post_module_auth (id, org_post_id, module_id, module_visible, nav_visible, create_by, create_time, update_by, update_time, note) values (9316, 9101, 312, '1', '1', 'system', now(), null, null, '总公司 admin 岗位默认拥有登录日志权限');
insert into sys_org_post_module_auth (id, org_post_id, module_id, module_visible, nav_visible, create_by, create_time, update_by, update_time, note) values (9317, 9101, 313, '1', '0', 'system', now(), null, null, '总公司 admin 岗位默认拥有字典数据路由权限');

insert into sys_org_post_module_auth (id, org_post_id, module_id, module_visible, nav_visible, create_by, create_time, update_by, update_time, note) values (9318, 9103, 100, '1', '1', 'system', now(), null, null, '华东分公司 admin 岗位默认拥有采购目录权限');
insert into sys_org_post_module_auth (id, org_post_id, module_id, module_visible, nav_visible, create_by, create_time, update_by, update_time, note) values (9319, 9103, 101, '1', '1', 'system', now(), null, null, '华东分公司 admin 岗位默认拥有采购订单权限');
insert into sys_org_post_module_auth (id, org_post_id, module_id, module_visible, nav_visible, create_by, create_time, update_by, update_time, note) values (9320, 9103, 102, '1', '0', 'system', now(), null, null, '华东分公司 admin 岗位默认拥有采购订单新增路由权限');
insert into sys_org_post_module_auth (id, org_post_id, module_id, module_visible, nav_visible, create_by, create_time, update_by, update_time, note) values (9321, 9103, 103, '1', '0', 'system', now(), null, null, '华东分公司 admin 岗位默认拥有采购订单详情路由权限');
insert into sys_org_post_module_auth (id, org_post_id, module_id, module_visible, nav_visible, create_by, create_time, update_by, update_time, note) values (9322, 9103, 300, '1', '1', 'system', now(), null, null, '华东分公司 admin 岗位默认拥有系统目录权限');
insert into sys_org_post_module_auth (id, org_post_id, module_id, module_visible, nav_visible, create_by, create_time, update_by, update_time, note) values (9323, 9103, 301, '1', '1', 'system', now(), null, null, '华东分公司 admin 岗位默认拥有用户管理权限');
insert into sys_org_post_module_auth (id, org_post_id, module_id, module_visible, nav_visible, create_by, create_time, update_by, update_time, note) values (9324, 9103, 303, '1', '1', 'system', now(), null, null, '华东分公司 admin 岗位默认拥有模块管理权限');
insert into sys_org_post_module_auth (id, org_post_id, module_id, module_visible, nav_visible, create_by, create_time, update_by, update_time, note) values (9325, 9103, 304, '1', '1', 'system', now(), null, null, '华东分公司 admin 岗位默认拥有岗位管理权限');
insert into sys_org_post_module_auth (id, org_post_id, module_id, module_visible, nav_visible, create_by, create_time, update_by, update_time, note) values (9326, 9103, 305, '1', '1', 'system', now(), null, null, '华东分公司 admin 岗位默认拥有功能授权权限');
insert into sys_org_post_module_auth (id, org_post_id, module_id, module_visible, nav_visible, create_by, create_time, update_by, update_time, note) values (9327, 9103, 306, '1', '1', 'system', now(), null, null, '华东分公司 admin 岗位默认拥有字段标题权限');
insert into sys_org_post_module_auth (id, org_post_id, module_id, module_visible, nav_visible, create_by, create_time, update_by, update_time, note) values (9328, 9103, 307, '1', '1', 'system', now(), null, null, '华东分公司 admin 岗位默认拥有状态权限');
insert into sys_org_post_module_auth (id, org_post_id, module_id, module_visible, nav_visible, create_by, create_time, update_by, update_time, note) values (9329, 9103, 308, '1', '1', 'system', now(), null, null, '华东分公司 admin 岗位默认拥有字典管理权限');
insert into sys_org_post_module_auth (id, org_post_id, module_id, module_visible, nav_visible, create_by, create_time, update_by, update_time, note) values (9330, 9103, 309, '1', '1', 'system', now(), null, null, '华东分公司 admin 岗位默认拥有参数设置权限');
insert into sys_org_post_module_auth (id, org_post_id, module_id, module_visible, nav_visible, create_by, create_time, update_by, update_time, note) values (9331, 9103, 310, '1', '1', 'system', now(), null, null, '华东分公司 admin 岗位默认拥有日志目录权限');
insert into sys_org_post_module_auth (id, org_post_id, module_id, module_visible, nav_visible, create_by, create_time, update_by, update_time, note) values (9332, 9103, 311, '1', '1', 'system', now(), null, null, '华东分公司 admin 岗位默认拥有操作日志权限');
insert into sys_org_post_module_auth (id, org_post_id, module_id, module_visible, nav_visible, create_by, create_time, update_by, update_time, note) values (9333, 9103, 312, '1', '1', 'system', now(), null, null, '华东分公司 admin 岗位默认拥有登录日志权限');
insert into sys_org_post_module_auth (id, org_post_id, module_id, module_visible, nav_visible, create_by, create_time, update_by, update_time, note) values (9334, 9103, 313, '1', '0', 'system', now(), null, null, '华东分公司 admin 岗位默认拥有字典数据路由权限');

insert into sys_org_post_module_auth (id, org_post_id, module_id, module_visible, nav_visible, create_by, create_time, update_by, update_time, note) values (9335, 9105, 100, '1', '1', 'system', now(), null, null, '华南分公司 admin 岗位默认拥有采购目录权限');
insert into sys_org_post_module_auth (id, org_post_id, module_id, module_visible, nav_visible, create_by, create_time, update_by, update_time, note) values (9336, 9105, 101, '1', '1', 'system', now(), null, null, '华南分公司 admin 岗位默认拥有采购订单权限');
insert into sys_org_post_module_auth (id, org_post_id, module_id, module_visible, nav_visible, create_by, create_time, update_by, update_time, note) values (9337, 9105, 102, '1', '0', 'system', now(), null, null, '华南分公司 admin 岗位默认拥有采购订单新增路由权限');
insert into sys_org_post_module_auth (id, org_post_id, module_id, module_visible, nav_visible, create_by, create_time, update_by, update_time, note) values (9338, 9105, 103, '1', '0', 'system', now(), null, null, '华南分公司 admin 岗位默认拥有采购订单详情路由权限');
insert into sys_org_post_module_auth (id, org_post_id, module_id, module_visible, nav_visible, create_by, create_time, update_by, update_time, note) values (9339, 9105, 300, '1', '1', 'system', now(), null, null, '华南分公司 admin 岗位默认拥有系统目录权限');
insert into sys_org_post_module_auth (id, org_post_id, module_id, module_visible, nav_visible, create_by, create_time, update_by, update_time, note) values (9340, 9105, 301, '1', '1', 'system', now(), null, null, '华南分公司 admin 岗位默认拥有用户管理权限');
insert into sys_org_post_module_auth (id, org_post_id, module_id, module_visible, nav_visible, create_by, create_time, update_by, update_time, note) values (9341, 9105, 303, '1', '1', 'system', now(), null, null, '华南分公司 admin 岗位默认拥有模块管理权限');
insert into sys_org_post_module_auth (id, org_post_id, module_id, module_visible, nav_visible, create_by, create_time, update_by, update_time, note) values (9342, 9105, 304, '1', '1', 'system', now(), null, null, '华南分公司 admin 岗位默认拥有岗位管理权限');
insert into sys_org_post_module_auth (id, org_post_id, module_id, module_visible, nav_visible, create_by, create_time, update_by, update_time, note) values (9343, 9105, 305, '1', '1', 'system', now(), null, null, '华南分公司 admin 岗位默认拥有功能授权权限');
insert into sys_org_post_module_auth (id, org_post_id, module_id, module_visible, nav_visible, create_by, create_time, update_by, update_time, note) values (9344, 9105, 306, '1', '1', 'system', now(), null, null, '华南分公司 admin 岗位默认拥有字段标题权限');
insert into sys_org_post_module_auth (id, org_post_id, module_id, module_visible, nav_visible, create_by, create_time, update_by, update_time, note) values (9345, 9105, 307, '1', '1', 'system', now(), null, null, '华南分公司 admin 岗位默认拥有状态权限');
insert into sys_org_post_module_auth (id, org_post_id, module_id, module_visible, nav_visible, create_by, create_time, update_by, update_time, note) values (9346, 9105, 308, '1', '1', 'system', now(), null, null, '华南分公司 admin 岗位默认拥有字典管理权限');
insert into sys_org_post_module_auth (id, org_post_id, module_id, module_visible, nav_visible, create_by, create_time, update_by, update_time, note) values (9347, 9105, 309, '1', '1', 'system', now(), null, null, '华南分公司 admin 岗位默认拥有参数设置权限');
insert into sys_org_post_module_auth (id, org_post_id, module_id, module_visible, nav_visible, create_by, create_time, update_by, update_time, note) values (9348, 9105, 310, '1', '1', 'system', now(), null, null, '华南分公司 admin 岗位默认拥有日志目录权限');
insert into sys_org_post_module_auth (id, org_post_id, module_id, module_visible, nav_visible, create_by, create_time, update_by, update_time, note) values (9349, 9105, 311, '1', '1', 'system', now(), null, null, '华南分公司 admin 岗位默认拥有操作日志权限');
insert into sys_org_post_module_auth (id, org_post_id, module_id, module_visible, nav_visible, create_by, create_time, update_by, update_time, note) values (9350, 9105, 312, '1', '1', 'system', now(), null, null, '华南分公司 admin 岗位默认拥有登录日志权限');
insert into sys_org_post_module_auth (id, org_post_id, module_id, module_visible, nav_visible, create_by, create_time, update_by, update_time, note) values (9351, 9105, 313, '1', '0', 'system', now(), null, null, '华南分公司 admin 岗位默认拥有字典数据路由权限');

insert into sys_org_post_module_auth (id, org_post_id, module_id, module_visible, nav_visible, create_by, create_time, update_by, update_time, note) values (9352, 9107, 100, '1', '1', 'system', now(), null, null, '华北分公司 admin 岗位默认拥有采购目录权限');
insert into sys_org_post_module_auth (id, org_post_id, module_id, module_visible, nav_visible, create_by, create_time, update_by, update_time, note) values (9353, 9107, 101, '1', '1', 'system', now(), null, null, '华北分公司 admin 岗位默认拥有采购订单权限');
insert into sys_org_post_module_auth (id, org_post_id, module_id, module_visible, nav_visible, create_by, create_time, update_by, update_time, note) values (9354, 9107, 102, '1', '0', 'system', now(), null, null, '华北分公司 admin 岗位默认拥有采购订单新增路由权限');
insert into sys_org_post_module_auth (id, org_post_id, module_id, module_visible, nav_visible, create_by, create_time, update_by, update_time, note) values (9355, 9107, 103, '1', '0', 'system', now(), null, null, '华北分公司 admin 岗位默认拥有采购订单详情路由权限');
insert into sys_org_post_module_auth (id, org_post_id, module_id, module_visible, nav_visible, create_by, create_time, update_by, update_time, note) values (9356, 9107, 300, '1', '1', 'system', now(), null, null, '华北分公司 admin 岗位默认拥有系统目录权限');
insert into sys_org_post_module_auth (id, org_post_id, module_id, module_visible, nav_visible, create_by, create_time, update_by, update_time, note) values (9357, 9107, 301, '1', '1', 'system', now(), null, null, '华北分公司 admin 岗位默认拥有用户管理权限');
insert into sys_org_post_module_auth (id, org_post_id, module_id, module_visible, nav_visible, create_by, create_time, update_by, update_time, note) values (9358, 9107, 303, '1', '1', 'system', now(), null, null, '华北分公司 admin 岗位默认拥有模块管理权限');
insert into sys_org_post_module_auth (id, org_post_id, module_id, module_visible, nav_visible, create_by, create_time, update_by, update_time, note) values (9359, 9107, 304, '1', '1', 'system', now(), null, null, '华北分公司 admin 岗位默认拥有岗位管理权限');
insert into sys_org_post_module_auth (id, org_post_id, module_id, module_visible, nav_visible, create_by, create_time, update_by, update_time, note) values (9360, 9107, 305, '1', '1', 'system', now(), null, null, '华北分公司 admin 岗位默认拥有功能授权权限');
insert into sys_org_post_module_auth (id, org_post_id, module_id, module_visible, nav_visible, create_by, create_time, update_by, update_time, note) values (9361, 9107, 306, '1', '1', 'system', now(), null, null, '华北分公司 admin 岗位默认拥有字段标题权限');
insert into sys_org_post_module_auth (id, org_post_id, module_id, module_visible, nav_visible, create_by, create_time, update_by, update_time, note) values (9362, 9107, 307, '1', '1', 'system', now(), null, null, '华北分公司 admin 岗位默认拥有状态权限');
insert into sys_org_post_module_auth (id, org_post_id, module_id, module_visible, nav_visible, create_by, create_time, update_by, update_time, note) values (9363, 9107, 308, '1', '1', 'system', now(), null, null, '华北分公司 admin 岗位默认拥有字典管理权限');
insert into sys_org_post_module_auth (id, org_post_id, module_id, module_visible, nav_visible, create_by, create_time, update_by, update_time, note) values (9364, 9107, 309, '1', '1', 'system', now(), null, null, '华北分公司 admin 岗位默认拥有参数设置权限');
insert into sys_org_post_module_auth (id, org_post_id, module_id, module_visible, nav_visible, create_by, create_time, update_by, update_time, note) values (9365, 9107, 310, '1', '1', 'system', now(), null, null, '华北分公司 admin 岗位默认拥有日志目录权限');
insert into sys_org_post_module_auth (id, org_post_id, module_id, module_visible, nav_visible, create_by, create_time, update_by, update_time, note) values (9366, 9107, 311, '1', '1', 'system', now(), null, null, '华北分公司 admin 岗位默认拥有操作日志权限');
insert into sys_org_post_module_auth (id, org_post_id, module_id, module_visible, nav_visible, create_by, create_time, update_by, update_time, note) values (9367, 9107, 312, '1', '1', 'system', now(), null, null, '华北分公司 admin 岗位默认拥有登录日志权限');
insert into sys_org_post_module_auth (id, org_post_id, module_id, module_visible, nav_visible, create_by, create_time, update_by, update_time, note) values (9368, 9107, 313, '1', '0', 'system', now(), null, null, '华北分公司 admin 岗位默认拥有字典数据路由权限');

insert into sys_org_post_field_auth (id, org_post_id, module_id, field_id, permission_level, create_by, create_time, update_by, update_time, note) values (9401, 9101, 101, 1010101, 2, 'system', now(), null, null, null);
insert into sys_org_post_field_auth (id, org_post_id, module_id, field_id, permission_level, create_by, create_time, update_by, update_time, note) values (9402, 9101, 101, 1010102, 2, 'system', now(), null, null, null);
insert into sys_org_post_field_auth (id, org_post_id, module_id, field_id, permission_level, create_by, create_time, update_by, update_time, note) values (9403, 9101, 101, 1010103, 2, 'system', now(), null, null, null);
insert into sys_org_post_field_auth (id, org_post_id, module_id, field_id, permission_level, create_by, create_time, update_by, update_time, note) values (9404, 9101, 101, 1010104, 2, 'system', now(), null, null, null);
insert into sys_org_post_field_auth (id, org_post_id, module_id, field_id, permission_level, create_by, create_time, update_by, update_time, note) values (9405, 9101, 101, 1010105, 2, 'system', now(), null, null, null);
insert into sys_org_post_field_auth (id, org_post_id, module_id, field_id, permission_level, create_by, create_time, update_by, update_time, note) values (9406, 9101, 101, 1010201, 2, 'system', now(), null, null, null);
insert into sys_org_post_field_auth (id, org_post_id, module_id, field_id, permission_level, create_by, create_time, update_by, update_time, note) values (9407, 9101, 101, 1010202, 2, 'system', now(), null, null, null);
insert into sys_org_post_field_auth (id, org_post_id, module_id, field_id, permission_level, create_by, create_time, update_by, update_time, note) values (9408, 9101, 101, 1010203, 2, 'system', now(), null, null, null);
insert into sys_org_post_field_auth (id, org_post_id, module_id, field_id, permission_level, create_by, create_time, update_by, update_time, note) values (9409, 9101, 101, 1010204, 2, 'system', now(), null, null, null);
insert into sys_org_post_field_auth (id, org_post_id, module_id, field_id, permission_level, create_by, create_time, update_by, update_time, note) values (9410, 9101, 101, 1010205, 2, 'system', now(), null, null, null);
insert into sys_org_post_field_auth (id, org_post_id, module_id, field_id, permission_level, create_by, create_time, update_by, update_time, note) values (9411, 9101, 101, 1010206, 2, 'system', now(), null, null, null);
insert into sys_org_post_field_auth (id, org_post_id, module_id, field_id, permission_level, create_by, create_time, update_by, update_time, note) values (9412, 9101, 101, 1010207, 2, 'system', now(), null, null, null);
insert into sys_org_post_field_auth (id, org_post_id, module_id, field_id, permission_level, create_by, create_time, update_by, update_time, note) values (9413, 9101, 101, 1010301, 2, 'system', now(), null, null, null);
insert into sys_org_post_field_auth (id, org_post_id, module_id, field_id, permission_level, create_by, create_time, update_by, update_time, note) values (9414, 9101, 101, 1010302, 2, 'system', now(), null, null, null);
insert into sys_org_post_field_auth (id, org_post_id, module_id, field_id, permission_level, create_by, create_time, update_by, update_time, note) values (9415, 9101, 101, 1010303, 2, 'system', now(), null, null, null);
insert into sys_org_post_field_auth (id, org_post_id, module_id, field_id, permission_level, create_by, create_time, update_by, update_time, note) values (9416, 9101, 101, 1010304, 2, 'system', now(), null, null, null);
insert into sys_org_post_field_auth (id, org_post_id, module_id, field_id, permission_level, create_by, create_time, update_by, update_time, note) values (9417, 9101, 101, 1010305, 2, 'system', now(), null, null, null);
insert into sys_org_post_field_auth (id, org_post_id, module_id, field_id, permission_level, create_by, create_time, update_by, update_time, note) values (9418, 9101, 101, 1010306, 2, 'system', now(), null, null, null);
insert into sys_org_post_field_auth (id, org_post_id, module_id, field_id, permission_level, create_by, create_time, update_by, update_time, note) values (9419, 9101, 101, 1010307, 2, 'system', now(), null, null, null);
insert into sys_org_post_field_auth (id, org_post_id, module_id, field_id, permission_level, create_by, create_time, update_by, update_time, note) values (9420, 9101, 101, 1010308, 2, 'system', now(), null, null, null);
insert into sys_org_post_field_auth (id, org_post_id, module_id, field_id, permission_level, create_by, create_time, update_by, update_time, note) values (9421, 9101, 101, 1010309, 2, 'system', now(), null, null, null);
insert into sys_org_post_field_auth (id, org_post_id, module_id, field_id, permission_level, create_by, create_time, update_by, update_time, note) values (9422, 9101, 101, 1010401, 2, 'system', now(), null, null, null);
insert into sys_org_post_field_auth (id, org_post_id, module_id, field_id, permission_level, create_by, create_time, update_by, update_time, note) values (9423, 9101, 101, 1010402, 2, 'system', now(), null, null, null);
insert into sys_org_post_field_auth (id, org_post_id, module_id, field_id, permission_level, create_by, create_time, update_by, update_time, note) values (9424, 9101, 101, 1010403, 2, 'system', now(), null, null, null);
insert into sys_org_post_field_auth (id, org_post_id, module_id, field_id, permission_level, create_by, create_time, update_by, update_time, note) values (9425, 9101, 101, 1010404, 2, 'system', now(), null, null, null);
insert into sys_org_post_field_auth (id, org_post_id, module_id, field_id, permission_level, create_by, create_time, update_by, update_time, note) values (9426, 9101, 101, 1010405, 2, 'system', now(), null, null, null);
insert into sys_org_post_field_auth (id, org_post_id, module_id, field_id, permission_level, create_by, create_time, update_by, update_time, note) values (9427, 9101, 101, 1010406, 2, 'system', now(), null, null, null);
insert into sys_org_post_field_auth (id, org_post_id, module_id, field_id, permission_level, create_by, create_time, update_by, update_time, note) values (9428, 9101, 101, 1010407, 2, 'system', now(), null, null, null);
insert into sys_org_post_field_auth (id, org_post_id, module_id, field_id, permission_level, create_by, create_time, update_by, update_time, note) values (9429, 9101, 101, 1010408, 2, 'system', now(), null, null, null);
insert into sys_org_post_field_auth (id, org_post_id, module_id, field_id, permission_level, create_by, create_time, update_by, update_time, note) values (9430, 9101, 101, 1010409, 2, 'system', now(), null, null, null);
insert into sys_org_post_field_auth (id, org_post_id, module_id, field_id, permission_level, create_by, create_time, update_by, update_time, note) values (9431, 9101, 101, 1010501, 2, 'system', now(), null, null, null);
insert into sys_org_post_field_auth (id, org_post_id, module_id, field_id, permission_level, create_by, create_time, update_by, update_time, note) values (9432, 9101, 101, 1010502, 2, 'system', now(), null, null, null);
insert into sys_org_post_field_auth (id, org_post_id, module_id, field_id, permission_level, create_by, create_time, update_by, update_time, note) values (9433, 9101, 101, 1010503, 2, 'system', now(), null, null, null);
insert into sys_org_post_field_auth (id, org_post_id, module_id, field_id, permission_level, create_by, create_time, update_by, update_time, note) values (9434, 9101, 101, 1010504, 2, 'system', now(), null, null, null);
insert into sys_org_post_field_auth (id, org_post_id, module_id, field_id, permission_level, create_by, create_time, update_by, update_time, note) values (9435, 9101, 101, 1010505, 2, 'system', now(), null, null, null);
insert into sys_org_post_field_auth (id, org_post_id, module_id, field_id, permission_level, create_by, create_time, update_by, update_time, note) values (9436, 9101, 101, 1010506, 2, 'system', now(), null, null, null);
insert into sys_org_post_field_auth (id, org_post_id, module_id, field_id, permission_level, create_by, create_time, update_by, update_time, note) values (9437, 9101, 101, 1010507, 2, 'system', now(), null, null, null);
insert into sys_org_post_field_auth (id, org_post_id, module_id, field_id, permission_level, create_by, create_time, update_by, update_time, note) values (9438, 9101, 101, 1010601, 2, 'system', now(), null, null, null);
insert into sys_org_post_field_auth (id, org_post_id, module_id, field_id, permission_level, create_by, create_time, update_by, update_time, note) values (9439, 9101, 101, 1010602, 2, 'system', now(), null, null, null);
insert into sys_org_post_field_auth (id, org_post_id, module_id, field_id, permission_level, create_by, create_time, update_by, update_time, note) values (9440, 9101, 101, 1010603, 2, 'system', now(), null, null, null);
insert into sys_org_post_field_auth (id, org_post_id, module_id, field_id, permission_level, create_by, create_time, update_by, update_time, note) values (9441, 9101, 101, 1010604, 2, 'system', now(), null, null, null);
insert into sys_org_post_field_auth (id, org_post_id, module_id, field_id, permission_level, create_by, create_time, update_by, update_time, note) values (9442, 9101, 101, 1010605, 2, 'system', now(), null, null, null);
insert into sys_org_post_field_auth (id, org_post_id, module_id, field_id, permission_level, create_by, create_time, update_by, update_time, note) values (9443, 9101, 101, 1010606, 2, 'system', now(), null, null, null);

insert into sys_org_post_field_auth (id, org_post_id, module_id, field_id, permission_level, create_by, create_time, update_by, update_time, note) values (9444, 9103, 101, 1010101, 2, 'system', now(), null, null, null);
insert into sys_org_post_field_auth (id, org_post_id, module_id, field_id, permission_level, create_by, create_time, update_by, update_time, note) values (9445, 9103, 101, 1010102, 2, 'system', now(), null, null, null);
insert into sys_org_post_field_auth (id, org_post_id, module_id, field_id, permission_level, create_by, create_time, update_by, update_time, note) values (9446, 9103, 101, 1010103, 2, 'system', now(), null, null, null);
insert into sys_org_post_field_auth (id, org_post_id, module_id, field_id, permission_level, create_by, create_time, update_by, update_time, note) values (9447, 9103, 101, 1010104, 2, 'system', now(), null, null, null);
insert into sys_org_post_field_auth (id, org_post_id, module_id, field_id, permission_level, create_by, create_time, update_by, update_time, note) values (9448, 9103, 101, 1010105, 2, 'system', now(), null, null, null);
insert into sys_org_post_field_auth (id, org_post_id, module_id, field_id, permission_level, create_by, create_time, update_by, update_time, note) values (9449, 9103, 101, 1010201, 2, 'system', now(), null, null, null);
insert into sys_org_post_field_auth (id, org_post_id, module_id, field_id, permission_level, create_by, create_time, update_by, update_time, note) values (9450, 9103, 101, 1010202, 2, 'system', now(), null, null, null);
insert into sys_org_post_field_auth (id, org_post_id, module_id, field_id, permission_level, create_by, create_time, update_by, update_time, note) values (9451, 9103, 101, 1010203, 2, 'system', now(), null, null, null);
insert into sys_org_post_field_auth (id, org_post_id, module_id, field_id, permission_level, create_by, create_time, update_by, update_time, note) values (9452, 9103, 101, 1010204, 2, 'system', now(), null, null, null);
insert into sys_org_post_field_auth (id, org_post_id, module_id, field_id, permission_level, create_by, create_time, update_by, update_time, note) values (9453, 9103, 101, 1010205, 2, 'system', now(), null, null, null);
insert into sys_org_post_field_auth (id, org_post_id, module_id, field_id, permission_level, create_by, create_time, update_by, update_time, note) values (9454, 9103, 101, 1010206, 2, 'system', now(), null, null, null);
insert into sys_org_post_field_auth (id, org_post_id, module_id, field_id, permission_level, create_by, create_time, update_by, update_time, note) values (9455, 9103, 101, 1010207, 2, 'system', now(), null, null, null);
insert into sys_org_post_field_auth (id, org_post_id, module_id, field_id, permission_level, create_by, create_time, update_by, update_time, note) values (9456, 9103, 101, 1010301, 2, 'system', now(), null, null, null);
insert into sys_org_post_field_auth (id, org_post_id, module_id, field_id, permission_level, create_by, create_time, update_by, update_time, note) values (9457, 9103, 101, 1010302, 2, 'system', now(), null, null, null);
insert into sys_org_post_field_auth (id, org_post_id, module_id, field_id, permission_level, create_by, create_time, update_by, update_time, note) values (9458, 9103, 101, 1010303, 2, 'system', now(), null, null, null);
insert into sys_org_post_field_auth (id, org_post_id, module_id, field_id, permission_level, create_by, create_time, update_by, update_time, note) values (9459, 9103, 101, 1010304, 2, 'system', now(), null, null, null);
insert into sys_org_post_field_auth (id, org_post_id, module_id, field_id, permission_level, create_by, create_time, update_by, update_time, note) values (9460, 9103, 101, 1010305, 2, 'system', now(), null, null, null);
insert into sys_org_post_field_auth (id, org_post_id, module_id, field_id, permission_level, create_by, create_time, update_by, update_time, note) values (9461, 9103, 101, 1010306, 2, 'system', now(), null, null, null);
insert into sys_org_post_field_auth (id, org_post_id, module_id, field_id, permission_level, create_by, create_time, update_by, update_time, note) values (9462, 9103, 101, 1010307, 2, 'system', now(), null, null, null);
insert into sys_org_post_field_auth (id, org_post_id, module_id, field_id, permission_level, create_by, create_time, update_by, update_time, note) values (9463, 9103, 101, 1010308, 2, 'system', now(), null, null, null);
insert into sys_org_post_field_auth (id, org_post_id, module_id, field_id, permission_level, create_by, create_time, update_by, update_time, note) values (9464, 9103, 101, 1010309, 2, 'system', now(), null, null, null);
insert into sys_org_post_field_auth (id, org_post_id, module_id, field_id, permission_level, create_by, create_time, update_by, update_time, note) values (9465, 9103, 101, 1010401, 2, 'system', now(), null, null, null);
insert into sys_org_post_field_auth (id, org_post_id, module_id, field_id, permission_level, create_by, create_time, update_by, update_time, note) values (9466, 9103, 101, 1010402, 2, 'system', now(), null, null, null);
insert into sys_org_post_field_auth (id, org_post_id, module_id, field_id, permission_level, create_by, create_time, update_by, update_time, note) values (9467, 9103, 101, 1010403, 2, 'system', now(), null, null, null);
insert into sys_org_post_field_auth (id, org_post_id, module_id, field_id, permission_level, create_by, create_time, update_by, update_time, note) values (9468, 9103, 101, 1010404, 2, 'system', now(), null, null, null);
insert into sys_org_post_field_auth (id, org_post_id, module_id, field_id, permission_level, create_by, create_time, update_by, update_time, note) values (9469, 9103, 101, 1010405, 2, 'system', now(), null, null, null);
insert into sys_org_post_field_auth (id, org_post_id, module_id, field_id, permission_level, create_by, create_time, update_by, update_time, note) values (9470, 9103, 101, 1010406, 2, 'system', now(), null, null, null);
insert into sys_org_post_field_auth (id, org_post_id, module_id, field_id, permission_level, create_by, create_time, update_by, update_time, note) values (9471, 9103, 101, 1010407, 2, 'system', now(), null, null, null);
insert into sys_org_post_field_auth (id, org_post_id, module_id, field_id, permission_level, create_by, create_time, update_by, update_time, note) values (9472, 9103, 101, 1010408, 2, 'system', now(), null, null, null);
insert into sys_org_post_field_auth (id, org_post_id, module_id, field_id, permission_level, create_by, create_time, update_by, update_time, note) values (9473, 9103, 101, 1010409, 2, 'system', now(), null, null, null);
insert into sys_org_post_field_auth (id, org_post_id, module_id, field_id, permission_level, create_by, create_time, update_by, update_time, note) values (9474, 9103, 101, 1010501, 2, 'system', now(), null, null, null);
insert into sys_org_post_field_auth (id, org_post_id, module_id, field_id, permission_level, create_by, create_time, update_by, update_time, note) values (9475, 9103, 101, 1010502, 2, 'system', now(), null, null, null);
insert into sys_org_post_field_auth (id, org_post_id, module_id, field_id, permission_level, create_by, create_time, update_by, update_time, note) values (9476, 9103, 101, 1010503, 2, 'system', now(), null, null, null);
insert into sys_org_post_field_auth (id, org_post_id, module_id, field_id, permission_level, create_by, create_time, update_by, update_time, note) values (9477, 9103, 101, 1010504, 2, 'system', now(), null, null, null);
insert into sys_org_post_field_auth (id, org_post_id, module_id, field_id, permission_level, create_by, create_time, update_by, update_time, note) values (9478, 9103, 101, 1010505, 2, 'system', now(), null, null, null);
insert into sys_org_post_field_auth (id, org_post_id, module_id, field_id, permission_level, create_by, create_time, update_by, update_time, note) values (9479, 9103, 101, 1010506, 2, 'system', now(), null, null, null);
insert into sys_org_post_field_auth (id, org_post_id, module_id, field_id, permission_level, create_by, create_time, update_by, update_time, note) values (9480, 9103, 101, 1010507, 2, 'system', now(), null, null, null);
insert into sys_org_post_field_auth (id, org_post_id, module_id, field_id, permission_level, create_by, create_time, update_by, update_time, note) values (9481, 9103, 101, 1010601, 2, 'system', now(), null, null, null);
insert into sys_org_post_field_auth (id, org_post_id, module_id, field_id, permission_level, create_by, create_time, update_by, update_time, note) values (9482, 9103, 101, 1010602, 2, 'system', now(), null, null, null);
insert into sys_org_post_field_auth (id, org_post_id, module_id, field_id, permission_level, create_by, create_time, update_by, update_time, note) values (9483, 9103, 101, 1010603, 2, 'system', now(), null, null, null);
insert into sys_org_post_field_auth (id, org_post_id, module_id, field_id, permission_level, create_by, create_time, update_by, update_time, note) values (9484, 9103, 101, 1010604, 2, 'system', now(), null, null, null);
insert into sys_org_post_field_auth (id, org_post_id, module_id, field_id, permission_level, create_by, create_time, update_by, update_time, note) values (9485, 9103, 101, 1010605, 2, 'system', now(), null, null, null);
insert into sys_org_post_field_auth (id, org_post_id, module_id, field_id, permission_level, create_by, create_time, update_by, update_time, note) values (9486, 9103, 101, 1010606, 2, 'system', now(), null, null, null);

insert into sys_org_post_field_auth (id, org_post_id, module_id, field_id, permission_level, create_by, create_time, update_by, update_time, note) values (9487, 9105, 101, 1010101, 2, 'system', now(), null, null, null);
insert into sys_org_post_field_auth (id, org_post_id, module_id, field_id, permission_level, create_by, create_time, update_by, update_time, note) values (9488, 9105, 101, 1010102, 2, 'system', now(), null, null, null);
insert into sys_org_post_field_auth (id, org_post_id, module_id, field_id, permission_level, create_by, create_time, update_by, update_time, note) values (9489, 9105, 101, 1010103, 2, 'system', now(), null, null, null);
insert into sys_org_post_field_auth (id, org_post_id, module_id, field_id, permission_level, create_by, create_time, update_by, update_time, note) values (9490, 9105, 101, 1010104, 2, 'system', now(), null, null, null);
insert into sys_org_post_field_auth (id, org_post_id, module_id, field_id, permission_level, create_by, create_time, update_by, update_time, note) values (9491, 9105, 101, 1010105, 2, 'system', now(), null, null, null);
insert into sys_org_post_field_auth (id, org_post_id, module_id, field_id, permission_level, create_by, create_time, update_by, update_time, note) values (9492, 9105, 101, 1010201, 2, 'system', now(), null, null, null);
insert into sys_org_post_field_auth (id, org_post_id, module_id, field_id, permission_level, create_by, create_time, update_by, update_time, note) values (9493, 9105, 101, 1010202, 2, 'system', now(), null, null, null);
insert into sys_org_post_field_auth (id, org_post_id, module_id, field_id, permission_level, create_by, create_time, update_by, update_time, note) values (9494, 9105, 101, 1010203, 2, 'system', now(), null, null, null);
insert into sys_org_post_field_auth (id, org_post_id, module_id, field_id, permission_level, create_by, create_time, update_by, update_time, note) values (9495, 9105, 101, 1010204, 2, 'system', now(), null, null, null);
insert into sys_org_post_field_auth (id, org_post_id, module_id, field_id, permission_level, create_by, create_time, update_by, update_time, note) values (9496, 9105, 101, 1010205, 2, 'system', now(), null, null, null);
insert into sys_org_post_field_auth (id, org_post_id, module_id, field_id, permission_level, create_by, create_time, update_by, update_time, note) values (9497, 9105, 101, 1010206, 2, 'system', now(), null, null, null);
insert into sys_org_post_field_auth (id, org_post_id, module_id, field_id, permission_level, create_by, create_time, update_by, update_time, note) values (9498, 9105, 101, 1010207, 2, 'system', now(), null, null, null);
insert into sys_org_post_field_auth (id, org_post_id, module_id, field_id, permission_level, create_by, create_time, update_by, update_time, note) values (9499, 9105, 101, 1010301, 2, 'system', now(), null, null, null);
insert into sys_org_post_field_auth (id, org_post_id, module_id, field_id, permission_level, create_by, create_time, update_by, update_time, note) values (9500, 9105, 101, 1010302, 2, 'system', now(), null, null, null);
insert into sys_org_post_field_auth (id, org_post_id, module_id, field_id, permission_level, create_by, create_time, update_by, update_time, note) values (9501, 9105, 101, 1010303, 2, 'system', now(), null, null, null);
insert into sys_org_post_field_auth (id, org_post_id, module_id, field_id, permission_level, create_by, create_time, update_by, update_time, note) values (9502, 9105, 101, 1010304, 2, 'system', now(), null, null, null);
insert into sys_org_post_field_auth (id, org_post_id, module_id, field_id, permission_level, create_by, create_time, update_by, update_time, note) values (9503, 9105, 101, 1010305, 2, 'system', now(), null, null, null);
insert into sys_org_post_field_auth (id, org_post_id, module_id, field_id, permission_level, create_by, create_time, update_by, update_time, note) values (9504, 9105, 101, 1010306, 2, 'system', now(), null, null, null);
insert into sys_org_post_field_auth (id, org_post_id, module_id, field_id, permission_level, create_by, create_time, update_by, update_time, note) values (9505, 9105, 101, 1010307, 2, 'system', now(), null, null, null);
insert into sys_org_post_field_auth (id, org_post_id, module_id, field_id, permission_level, create_by, create_time, update_by, update_time, note) values (9506, 9105, 101, 1010308, 2, 'system', now(), null, null, null);
insert into sys_org_post_field_auth (id, org_post_id, module_id, field_id, permission_level, create_by, create_time, update_by, update_time, note) values (9507, 9105, 101, 1010309, 2, 'system', now(), null, null, null);
insert into sys_org_post_field_auth (id, org_post_id, module_id, field_id, permission_level, create_by, create_time, update_by, update_time, note) values (9508, 9105, 101, 1010401, 2, 'system', now(), null, null, null);
insert into sys_org_post_field_auth (id, org_post_id, module_id, field_id, permission_level, create_by, create_time, update_by, update_time, note) values (9509, 9105, 101, 1010402, 2, 'system', now(), null, null, null);
insert into sys_org_post_field_auth (id, org_post_id, module_id, field_id, permission_level, create_by, create_time, update_by, update_time, note) values (9510, 9105, 101, 1010403, 2, 'system', now(), null, null, null);
insert into sys_org_post_field_auth (id, org_post_id, module_id, field_id, permission_level, create_by, create_time, update_by, update_time, note) values (9511, 9105, 101, 1010404, 2, 'system', now(), null, null, null);
insert into sys_org_post_field_auth (id, org_post_id, module_id, field_id, permission_level, create_by, create_time, update_by, update_time, note) values (9512, 9105, 101, 1010405, 2, 'system', now(), null, null, null);
insert into sys_org_post_field_auth (id, org_post_id, module_id, field_id, permission_level, create_by, create_time, update_by, update_time, note) values (9513, 9105, 101, 1010406, 2, 'system', now(), null, null, null);
insert into sys_org_post_field_auth (id, org_post_id, module_id, field_id, permission_level, create_by, create_time, update_by, update_time, note) values (9514, 9105, 101, 1010407, 2, 'system', now(), null, null, null);
insert into sys_org_post_field_auth (id, org_post_id, module_id, field_id, permission_level, create_by, create_time, update_by, update_time, note) values (9515, 9105, 101, 1010408, 2, 'system', now(), null, null, null);
insert into sys_org_post_field_auth (id, org_post_id, module_id, field_id, permission_level, create_by, create_time, update_by, update_time, note) values (9516, 9105, 101, 1010409, 2, 'system', now(), null, null, null);
insert into sys_org_post_field_auth (id, org_post_id, module_id, field_id, permission_level, create_by, create_time, update_by, update_time, note) values (9517, 9105, 101, 1010501, 2, 'system', now(), null, null, null);
insert into sys_org_post_field_auth (id, org_post_id, module_id, field_id, permission_level, create_by, create_time, update_by, update_time, note) values (9518, 9105, 101, 1010502, 2, 'system', now(), null, null, null);
insert into sys_org_post_field_auth (id, org_post_id, module_id, field_id, permission_level, create_by, create_time, update_by, update_time, note) values (9519, 9105, 101, 1010503, 2, 'system', now(), null, null, null);
insert into sys_org_post_field_auth (id, org_post_id, module_id, field_id, permission_level, create_by, create_time, update_by, update_time, note) values (9520, 9105, 101, 1010504, 2, 'system', now(), null, null, null);
insert into sys_org_post_field_auth (id, org_post_id, module_id, field_id, permission_level, create_by, create_time, update_by, update_time, note) values (9521, 9105, 101, 1010505, 2, 'system', now(), null, null, null);
insert into sys_org_post_field_auth (id, org_post_id, module_id, field_id, permission_level, create_by, create_time, update_by, update_time, note) values (9522, 9105, 101, 1010506, 2, 'system', now(), null, null, null);
insert into sys_org_post_field_auth (id, org_post_id, module_id, field_id, permission_level, create_by, create_time, update_by, update_time, note) values (9523, 9105, 101, 1010507, 2, 'system', now(), null, null, null);
insert into sys_org_post_field_auth (id, org_post_id, module_id, field_id, permission_level, create_by, create_time, update_by, update_time, note) values (9524, 9105, 101, 1010601, 2, 'system', now(), null, null, null);
insert into sys_org_post_field_auth (id, org_post_id, module_id, field_id, permission_level, create_by, create_time, update_by, update_time, note) values (9525, 9105, 101, 1010602, 2, 'system', now(), null, null, null);
insert into sys_org_post_field_auth (id, org_post_id, module_id, field_id, permission_level, create_by, create_time, update_by, update_time, note) values (9526, 9105, 101, 1010603, 2, 'system', now(), null, null, null);
insert into sys_org_post_field_auth (id, org_post_id, module_id, field_id, permission_level, create_by, create_time, update_by, update_time, note) values (9527, 9105, 101, 1010604, 2, 'system', now(), null, null, null);
insert into sys_org_post_field_auth (id, org_post_id, module_id, field_id, permission_level, create_by, create_time, update_by, update_time, note) values (9528, 9105, 101, 1010605, 2, 'system', now(), null, null, null);
insert into sys_org_post_field_auth (id, org_post_id, module_id, field_id, permission_level, create_by, create_time, update_by, update_time, note) values (9529, 9105, 101, 1010606, 2, 'system', now(), null, null, null);

insert into sys_org_post_field_auth (id, org_post_id, module_id, field_id, permission_level, create_by, create_time, update_by, update_time, note) values (9530, 9107, 101, 1010101, 2, 'system', now(), null, null, null);
insert into sys_org_post_field_auth (id, org_post_id, module_id, field_id, permission_level, create_by, create_time, update_by, update_time, note) values (9531, 9107, 101, 1010102, 2, 'system', now(), null, null, null);
insert into sys_org_post_field_auth (id, org_post_id, module_id, field_id, permission_level, create_by, create_time, update_by, update_time, note) values (9532, 9107, 101, 1010103, 2, 'system', now(), null, null, null);
insert into sys_org_post_field_auth (id, org_post_id, module_id, field_id, permission_level, create_by, create_time, update_by, update_time, note) values (9533, 9107, 101, 1010104, 2, 'system', now(), null, null, null);
insert into sys_org_post_field_auth (id, org_post_id, module_id, field_id, permission_level, create_by, create_time, update_by, update_time, note) values (9534, 9107, 101, 1010105, 2, 'system', now(), null, null, null);
insert into sys_org_post_field_auth (id, org_post_id, module_id, field_id, permission_level, create_by, create_time, update_by, update_time, note) values (9535, 9107, 101, 1010201, 2, 'system', now(), null, null, null);
insert into sys_org_post_field_auth (id, org_post_id, module_id, field_id, permission_level, create_by, create_time, update_by, update_time, note) values (9536, 9107, 101, 1010202, 2, 'system', now(), null, null, null);
insert into sys_org_post_field_auth (id, org_post_id, module_id, field_id, permission_level, create_by, create_time, update_by, update_time, note) values (9537, 9107, 101, 1010203, 2, 'system', now(), null, null, null);
insert into sys_org_post_field_auth (id, org_post_id, module_id, field_id, permission_level, create_by, create_time, update_by, update_time, note) values (9538, 9107, 101, 1010204, 2, 'system', now(), null, null, null);
insert into sys_org_post_field_auth (id, org_post_id, module_id, field_id, permission_level, create_by, create_time, update_by, update_time, note) values (9539, 9107, 101, 1010205, 2, 'system', now(), null, null, null);
insert into sys_org_post_field_auth (id, org_post_id, module_id, field_id, permission_level, create_by, create_time, update_by, update_time, note) values (9540, 9107, 101, 1010206, 2, 'system', now(), null, null, null);
insert into sys_org_post_field_auth (id, org_post_id, module_id, field_id, permission_level, create_by, create_time, update_by, update_time, note) values (9541, 9107, 101, 1010207, 2, 'system', now(), null, null, null);
insert into sys_org_post_field_auth (id, org_post_id, module_id, field_id, permission_level, create_by, create_time, update_by, update_time, note) values (9542, 9107, 101, 1010301, 2, 'system', now(), null, null, null);
insert into sys_org_post_field_auth (id, org_post_id, module_id, field_id, permission_level, create_by, create_time, update_by, update_time, note) values (9543, 9107, 101, 1010302, 2, 'system', now(), null, null, null);
insert into sys_org_post_field_auth (id, org_post_id, module_id, field_id, permission_level, create_by, create_time, update_by, update_time, note) values (9544, 9107, 101, 1010303, 2, 'system', now(), null, null, null);
insert into sys_org_post_field_auth (id, org_post_id, module_id, field_id, permission_level, create_by, create_time, update_by, update_time, note) values (9545, 9107, 101, 1010304, 2, 'system', now(), null, null, null);
insert into sys_org_post_field_auth (id, org_post_id, module_id, field_id, permission_level, create_by, create_time, update_by, update_time, note) values (9546, 9107, 101, 1010305, 2, 'system', now(), null, null, null);
insert into sys_org_post_field_auth (id, org_post_id, module_id, field_id, permission_level, create_by, create_time, update_by, update_time, note) values (9547, 9107, 101, 1010306, 2, 'system', now(), null, null, null);
insert into sys_org_post_field_auth (id, org_post_id, module_id, field_id, permission_level, create_by, create_time, update_by, update_time, note) values (9548, 9107, 101, 1010307, 2, 'system', now(), null, null, null);
insert into sys_org_post_field_auth (id, org_post_id, module_id, field_id, permission_level, create_by, create_time, update_by, update_time, note) values (9549, 9107, 101, 1010308, 2, 'system', now(), null, null, null);
insert into sys_org_post_field_auth (id, org_post_id, module_id, field_id, permission_level, create_by, create_time, update_by, update_time, note) values (9550, 9107, 101, 1010309, 2, 'system', now(), null, null, null);
insert into sys_org_post_field_auth (id, org_post_id, module_id, field_id, permission_level, create_by, create_time, update_by, update_time, note) values (9551, 9107, 101, 1010401, 2, 'system', now(), null, null, null);
insert into sys_org_post_field_auth (id, org_post_id, module_id, field_id, permission_level, create_by, create_time, update_by, update_time, note) values (9552, 9107, 101, 1010402, 2, 'system', now(), null, null, null);
insert into sys_org_post_field_auth (id, org_post_id, module_id, field_id, permission_level, create_by, create_time, update_by, update_time, note) values (9553, 9107, 101, 1010403, 2, 'system', now(), null, null, null);
insert into sys_org_post_field_auth (id, org_post_id, module_id, field_id, permission_level, create_by, create_time, update_by, update_time, note) values (9554, 9107, 101, 1010404, 2, 'system', now(), null, null, null);
insert into sys_org_post_field_auth (id, org_post_id, module_id, field_id, permission_level, create_by, create_time, update_by, update_time, note) values (9555, 9107, 101, 1010405, 2, 'system', now(), null, null, null);
insert into sys_org_post_field_auth (id, org_post_id, module_id, field_id, permission_level, create_by, create_time, update_by, update_time, note) values (9556, 9107, 101, 1010406, 2, 'system', now(), null, null, null);
insert into sys_org_post_field_auth (id, org_post_id, module_id, field_id, permission_level, create_by, create_time, update_by, update_time, note) values (9557, 9107, 101, 1010407, 2, 'system', now(), null, null, null);
insert into sys_org_post_field_auth (id, org_post_id, module_id, field_id, permission_level, create_by, create_time, update_by, update_time, note) values (9558, 9107, 101, 1010408, 2, 'system', now(), null, null, null);
insert into sys_org_post_field_auth (id, org_post_id, module_id, field_id, permission_level, create_by, create_time, update_by, update_time, note) values (9559, 9107, 101, 1010409, 2, 'system', now(), null, null, null);
insert into sys_org_post_field_auth (id, org_post_id, module_id, field_id, permission_level, create_by, create_time, update_by, update_time, note) values (9560, 9107, 101, 1010501, 2, 'system', now(), null, null, null);
insert into sys_org_post_field_auth (id, org_post_id, module_id, field_id, permission_level, create_by, create_time, update_by, update_time, note) values (9561, 9107, 101, 1010502, 2, 'system', now(), null, null, null);
insert into sys_org_post_field_auth (id, org_post_id, module_id, field_id, permission_level, create_by, create_time, update_by, update_time, note) values (9562, 9107, 101, 1010503, 2, 'system', now(), null, null, null);
insert into sys_org_post_field_auth (id, org_post_id, module_id, field_id, permission_level, create_by, create_time, update_by, update_time, note) values (9563, 9107, 101, 1010504, 2, 'system', now(), null, null, null);
insert into sys_org_post_field_auth (id, org_post_id, module_id, field_id, permission_level, create_by, create_time, update_by, update_time, note) values (9564, 9107, 101, 1010505, 2, 'system', now(), null, null, null);
insert into sys_org_post_field_auth (id, org_post_id, module_id, field_id, permission_level, create_by, create_time, update_by, update_time, note) values (9565, 9107, 101, 1010506, 2, 'system', now(), null, null, null);
insert into sys_org_post_field_auth (id, org_post_id, module_id, field_id, permission_level, create_by, create_time, update_by, update_time, note) values (9566, 9107, 101, 1010507, 2, 'system', now(), null, null, null);
insert into sys_org_post_field_auth (id, org_post_id, module_id, field_id, permission_level, create_by, create_time, update_by, update_time, note) values (9567, 9107, 101, 1010601, 2, 'system', now(), null, null, null);
insert into sys_org_post_field_auth (id, org_post_id, module_id, field_id, permission_level, create_by, create_time, update_by, update_time, note) values (9568, 9107, 101, 1010602, 2, 'system', now(), null, null, null);
insert into sys_org_post_field_auth (id, org_post_id, module_id, field_id, permission_level, create_by, create_time, update_by, update_time, note) values (9569, 9107, 101, 1010603, 2, 'system', now(), null, null, null);
insert into sys_org_post_field_auth (id, org_post_id, module_id, field_id, permission_level, create_by, create_time, update_by, update_time, note) values (9570, 9107, 101, 1010604, 2, 'system', now(), null, null, null);
insert into sys_org_post_field_auth (id, org_post_id, module_id, field_id, permission_level, create_by, create_time, update_by, update_time, note) values (9571, 9107, 101, 1010605, 2, 'system', now(), null, null, null);
insert into sys_org_post_field_auth (id, org_post_id, module_id, field_id, permission_level, create_by, create_time, update_by, update_time, note) values (9572, 9107, 101, 1010606, 2, 'system', now(), null, null, null);

insert into sys_org_post_button_auth (id, org_post_id, module_id, button_id, permission_level, create_by, create_time, update_by, update_time, note) values (9501, 9101, 101, 101001, 2, 'system', now(), null, null, null);
insert into sys_org_post_button_auth (id, org_post_id, module_id, button_id, permission_level, create_by, create_time, update_by, update_time, note) values (9502, 9101, 101, 101002, 2, 'system', now(), null, null, null);
insert into sys_org_post_button_auth (id, org_post_id, module_id, button_id, permission_level, create_by, create_time, update_by, update_time, note) values (9503, 9101, 101, 101003, 2, 'system', now(), null, null, null);
insert into sys_org_post_button_auth (id, org_post_id, module_id, button_id, permission_level, create_by, create_time, update_by, update_time, note) values (9504, 9101, 101, 101004, 2, 'system', now(), null, null, null);
insert into sys_org_post_button_auth (id, org_post_id, module_id, button_id, permission_level, create_by, create_time, update_by, update_time, note) values (9505, 9101, 101, 101005, 2, 'system', now(), null, null, null);
insert into sys_org_post_button_auth (id, org_post_id, module_id, button_id, permission_level, create_by, create_time, update_by, update_time, note) values (9506, 9101, 101, 101006, 2, 'system', now(), null, null, null);
insert into sys_org_post_button_auth (id, org_post_id, module_id, button_id, permission_level, create_by, create_time, update_by, update_time, note) values (9507, 9101, 101, 101007, 2, 'system', now(), null, null, null);
insert into sys_org_post_button_auth (id, org_post_id, module_id, button_id, permission_level, create_by, create_time, update_by, update_time, note) values (9508, 9101, 101, 101008, 2, 'system', now(), null, null, null);
insert into sys_org_post_button_auth (id, org_post_id, module_id, button_id, permission_level, create_by, create_time, update_by, update_time, note) values (9509, 9101, 101, 101009, 2, 'system', now(), null, null, null);
insert into sys_org_post_button_auth (id, org_post_id, module_id, button_id, permission_level, create_by, create_time, update_by, update_time, note) values (9510, 9101, 101, 101010, 2, 'system', now(), null, null, null);
insert into sys_org_post_button_auth (id, org_post_id, module_id, button_id, permission_level, create_by, create_time, update_by, update_time, note) values (9511, 9101, 101, 101011, 2, 'system', now(), null, null, null);
insert into sys_org_post_button_auth (id, org_post_id, module_id, button_id, permission_level, create_by, create_time, update_by, update_time, note) values (9512, 9101, 301, 301001, 2, 'system', now(), null, null, null);
insert into sys_org_post_button_auth (id, org_post_id, module_id, button_id, permission_level, create_by, create_time, update_by, update_time, note) values (9513, 9101, 301, 301002, 2, 'system', now(), null, null, null);
insert into sys_org_post_button_auth (id, org_post_id, module_id, button_id, permission_level, create_by, create_time, update_by, update_time, note) values (9514, 9101, 301, 301003, 2, 'system', now(), null, null, null);
insert into sys_org_post_button_auth (id, org_post_id, module_id, button_id, permission_level, create_by, create_time, update_by, update_time, note) values (9515, 9101, 303, 303001, 2, 'system', now(), null, null, null);
insert into sys_org_post_button_auth (id, org_post_id, module_id, button_id, permission_level, create_by, create_time, update_by, update_time, note) values (9516, 9101, 303, 303002, 2, 'system', now(), null, null, null);
insert into sys_org_post_button_auth (id, org_post_id, module_id, button_id, permission_level, create_by, create_time, update_by, update_time, note) values (9517, 9101, 303, 303003, 2, 'system', now(), null, null, null);
insert into sys_org_post_button_auth (id, org_post_id, module_id, button_id, permission_level, create_by, create_time, update_by, update_time, note) values (9518, 9101, 303, 303004, 2, 'system', now(), null, null, null);
insert into sys_org_post_button_auth (id, org_post_id, module_id, button_id, permission_level, create_by, create_time, update_by, update_time, note) values (9519, 9101, 303, 303005, 2, 'system', now(), null, null, null);
insert into sys_org_post_button_auth (id, org_post_id, module_id, button_id, permission_level, create_by, create_time, update_by, update_time, note) values (9520, 9101, 303, 303006, 2, 'system', now(), null, null, null);
insert into sys_org_post_button_auth (id, org_post_id, module_id, button_id, permission_level, create_by, create_time, update_by, update_time, note) values (9521, 9101, 303, 303007, 2, 'system', now(), null, null, null);
insert into sys_org_post_button_auth (id, org_post_id, module_id, button_id, permission_level, create_by, create_time, update_by, update_time, note) values (9522, 9101, 303, 303008, 2, 'system', now(), null, null, null);
insert into sys_org_post_button_auth (id, org_post_id, module_id, button_id, permission_level, create_by, create_time, update_by, update_time, note) values (9523, 9101, 303, 303009, 2, 'system', now(), null, null, null);
insert into sys_org_post_button_auth (id, org_post_id, module_id, button_id, permission_level, create_by, create_time, update_by, update_time, note) values (9524, 9101, 303, 303010, 2, 'system', now(), null, null, null);
insert into sys_org_post_button_auth (id, org_post_id, module_id, button_id, permission_level, create_by, create_time, update_by, update_time, note) values (9525, 9101, 303, 303011, 2, 'system', now(), null, null, null);
insert into sys_org_post_button_auth (id, org_post_id, module_id, button_id, permission_level, create_by, create_time, update_by, update_time, note) values (9526, 9101, 303, 303012, 2, 'system', now(), null, null, null);
insert into sys_org_post_button_auth (id, org_post_id, module_id, button_id, permission_level, create_by, create_time, update_by, update_time, note) values (9527, 9101, 304, 304001, 2, 'system', now(), null, null, null);
insert into sys_org_post_button_auth (id, org_post_id, module_id, button_id, permission_level, create_by, create_time, update_by, update_time, note) values (9528, 9101, 304, 304002, 2, 'system', now(), null, null, null);
insert into sys_org_post_button_auth (id, org_post_id, module_id, button_id, permission_level, create_by, create_time, update_by, update_time, note) values (9529, 9101, 304, 304003, 2, 'system', now(), null, null, null);
insert into sys_org_post_button_auth (id, org_post_id, module_id, button_id, permission_level, create_by, create_time, update_by, update_time, note) values (9530, 9101, 304, 304004, 2, 'system', now(), null, null, null);
insert into sys_org_post_button_auth (id, org_post_id, module_id, button_id, permission_level, create_by, create_time, update_by, update_time, note) values (9531, 9101, 304, 304005, 2, 'system', now(), null, null, null);
insert into sys_org_post_button_auth (id, org_post_id, module_id, button_id, permission_level, create_by, create_time, update_by, update_time, note) values (9532, 9101, 305, 305001, 2, 'system', now(), null, null, null);
insert into sys_org_post_button_auth (id, org_post_id, module_id, button_id, permission_level, create_by, create_time, update_by, update_time, note) values (9533, 9101, 306, 306001, 2, 'system', now(), null, null, null);
insert into sys_org_post_button_auth (id, org_post_id, module_id, button_id, permission_level, create_by, create_time, update_by, update_time, note) values (9534, 9101, 307, 307001, 2, 'system', now(), null, null, null);
insert into sys_org_post_button_auth (id, org_post_id, module_id, button_id, permission_level, create_by, create_time, update_by, update_time, note) values (9535, 9101, 308, 308001, 2, 'system', now(), null, null, null);
insert into sys_org_post_button_auth (id, org_post_id, module_id, button_id, permission_level, create_by, create_time, update_by, update_time, note) values (9536, 9101, 308, 308002, 2, 'system', now(), null, null, null);
insert into sys_org_post_button_auth (id, org_post_id, module_id, button_id, permission_level, create_by, create_time, update_by, update_time, note) values (9537, 9101, 308, 308003, 2, 'system', now(), null, null, null);
insert into sys_org_post_button_auth (id, org_post_id, module_id, button_id, permission_level, create_by, create_time, update_by, update_time, note) values (9538, 9101, 309, 309001, 2, 'system', now(), null, null, null);
insert into sys_org_post_button_auth (id, org_post_id, module_id, button_id, permission_level, create_by, create_time, update_by, update_time, note) values (9539, 9101, 309, 309002, 2, 'system', now(), null, null, null);
insert into sys_org_post_button_auth (id, org_post_id, module_id, button_id, permission_level, create_by, create_time, update_by, update_time, note) values (9540, 9101, 309, 309003, 2, 'system', now(), null, null, null);
insert into sys_org_post_button_auth (id, org_post_id, module_id, button_id, permission_level, create_by, create_time, update_by, update_time, note) values (9541, 9101, 309, 309004, 2, 'system', now(), null, null, null);

insert into sys_org_post_button_auth (id, org_post_id, module_id, button_id, permission_level, create_by, create_time, update_by, update_time, note) values (9542, 9103, 101, 101001, 2, 'system', now(), null, null, null);
insert into sys_org_post_button_auth (id, org_post_id, module_id, button_id, permission_level, create_by, create_time, update_by, update_time, note) values (9543, 9103, 101, 101002, 2, 'system', now(), null, null, null);
insert into sys_org_post_button_auth (id, org_post_id, module_id, button_id, permission_level, create_by, create_time, update_by, update_time, note) values (9544, 9103, 101, 101003, 2, 'system', now(), null, null, null);
insert into sys_org_post_button_auth (id, org_post_id, module_id, button_id, permission_level, create_by, create_time, update_by, update_time, note) values (9545, 9103, 101, 101004, 2, 'system', now(), null, null, null);
insert into sys_org_post_button_auth (id, org_post_id, module_id, button_id, permission_level, create_by, create_time, update_by, update_time, note) values (9546, 9103, 101, 101005, 2, 'system', now(), null, null, null);
insert into sys_org_post_button_auth (id, org_post_id, module_id, button_id, permission_level, create_by, create_time, update_by, update_time, note) values (9547, 9103, 101, 101006, 2, 'system', now(), null, null, null);
insert into sys_org_post_button_auth (id, org_post_id, module_id, button_id, permission_level, create_by, create_time, update_by, update_time, note) values (9548, 9103, 101, 101007, 2, 'system', now(), null, null, null);
insert into sys_org_post_button_auth (id, org_post_id, module_id, button_id, permission_level, create_by, create_time, update_by, update_time, note) values (9549, 9103, 101, 101008, 2, 'system', now(), null, null, null);
insert into sys_org_post_button_auth (id, org_post_id, module_id, button_id, permission_level, create_by, create_time, update_by, update_time, note) values (9550, 9103, 101, 101009, 2, 'system', now(), null, null, null);
insert into sys_org_post_button_auth (id, org_post_id, module_id, button_id, permission_level, create_by, create_time, update_by, update_time, note) values (9551, 9103, 101, 101010, 2, 'system', now(), null, null, null);
insert into sys_org_post_button_auth (id, org_post_id, module_id, button_id, permission_level, create_by, create_time, update_by, update_time, note) values (9552, 9103, 101, 101011, 2, 'system', now(), null, null, null);
insert into sys_org_post_button_auth (id, org_post_id, module_id, button_id, permission_level, create_by, create_time, update_by, update_time, note) values (9553, 9103, 301, 301001, 2, 'system', now(), null, null, null);
insert into sys_org_post_button_auth (id, org_post_id, module_id, button_id, permission_level, create_by, create_time, update_by, update_time, note) values (9554, 9103, 301, 301002, 2, 'system', now(), null, null, null);
insert into sys_org_post_button_auth (id, org_post_id, module_id, button_id, permission_level, create_by, create_time, update_by, update_time, note) values (9555, 9103, 301, 301003, 2, 'system', now(), null, null, null);
insert into sys_org_post_button_auth (id, org_post_id, module_id, button_id, permission_level, create_by, create_time, update_by, update_time, note) values (9556, 9103, 303, 303001, 2, 'system', now(), null, null, null);
insert into sys_org_post_button_auth (id, org_post_id, module_id, button_id, permission_level, create_by, create_time, update_by, update_time, note) values (9557, 9103, 303, 303002, 2, 'system', now(), null, null, null);
insert into sys_org_post_button_auth (id, org_post_id, module_id, button_id, permission_level, create_by, create_time, update_by, update_time, note) values (9558, 9103, 303, 303003, 2, 'system', now(), null, null, null);
insert into sys_org_post_button_auth (id, org_post_id, module_id, button_id, permission_level, create_by, create_time, update_by, update_time, note) values (9559, 9103, 303, 303004, 2, 'system', now(), null, null, null);
insert into sys_org_post_button_auth (id, org_post_id, module_id, button_id, permission_level, create_by, create_time, update_by, update_time, note) values (9560, 9103, 303, 303005, 2, 'system', now(), null, null, null);
insert into sys_org_post_button_auth (id, org_post_id, module_id, button_id, permission_level, create_by, create_time, update_by, update_time, note) values (9561, 9103, 303, 303006, 2, 'system', now(), null, null, null);
insert into sys_org_post_button_auth (id, org_post_id, module_id, button_id, permission_level, create_by, create_time, update_by, update_time, note) values (9562, 9103, 303, 303007, 2, 'system', now(), null, null, null);
insert into sys_org_post_button_auth (id, org_post_id, module_id, button_id, permission_level, create_by, create_time, update_by, update_time, note) values (9563, 9103, 303, 303008, 2, 'system', now(), null, null, null);
insert into sys_org_post_button_auth (id, org_post_id, module_id, button_id, permission_level, create_by, create_time, update_by, update_time, note) values (9564, 9103, 303, 303009, 2, 'system', now(), null, null, null);
insert into sys_org_post_button_auth (id, org_post_id, module_id, button_id, permission_level, create_by, create_time, update_by, update_time, note) values (9565, 9103, 303, 303010, 2, 'system', now(), null, null, null);
insert into sys_org_post_button_auth (id, org_post_id, module_id, button_id, permission_level, create_by, create_time, update_by, update_time, note) values (9566, 9103, 303, 303011, 2, 'system', now(), null, null, null);
insert into sys_org_post_button_auth (id, org_post_id, module_id, button_id, permission_level, create_by, create_time, update_by, update_time, note) values (9567, 9103, 303, 303012, 2, 'system', now(), null, null, null);
insert into sys_org_post_button_auth (id, org_post_id, module_id, button_id, permission_level, create_by, create_time, update_by, update_time, note) values (9568, 9103, 304, 304001, 2, 'system', now(), null, null, null);
insert into sys_org_post_button_auth (id, org_post_id, module_id, button_id, permission_level, create_by, create_time, update_by, update_time, note) values (9569, 9103, 304, 304002, 2, 'system', now(), null, null, null);
insert into sys_org_post_button_auth (id, org_post_id, module_id, button_id, permission_level, create_by, create_time, update_by, update_time, note) values (9570, 9103, 304, 304003, 2, 'system', now(), null, null, null);
insert into sys_org_post_button_auth (id, org_post_id, module_id, button_id, permission_level, create_by, create_time, update_by, update_time, note) values (9571, 9103, 304, 304004, 2, 'system', now(), null, null, null);
insert into sys_org_post_button_auth (id, org_post_id, module_id, button_id, permission_level, create_by, create_time, update_by, update_time, note) values (9572, 9103, 304, 304005, 2, 'system', now(), null, null, null);
insert into sys_org_post_button_auth (id, org_post_id, module_id, button_id, permission_level, create_by, create_time, update_by, update_time, note) values (9573, 9103, 305, 305001, 2, 'system', now(), null, null, null);
insert into sys_org_post_button_auth (id, org_post_id, module_id, button_id, permission_level, create_by, create_time, update_by, update_time, note) values (9574, 9103, 306, 306001, 2, 'system', now(), null, null, null);
insert into sys_org_post_button_auth (id, org_post_id, module_id, button_id, permission_level, create_by, create_time, update_by, update_time, note) values (9575, 9103, 307, 307001, 2, 'system', now(), null, null, null);
insert into sys_org_post_button_auth (id, org_post_id, module_id, button_id, permission_level, create_by, create_time, update_by, update_time, note) values (9576, 9103, 308, 308001, 2, 'system', now(), null, null, null);
insert into sys_org_post_button_auth (id, org_post_id, module_id, button_id, permission_level, create_by, create_time, update_by, update_time, note) values (9577, 9103, 308, 308002, 2, 'system', now(), null, null, null);
insert into sys_org_post_button_auth (id, org_post_id, module_id, button_id, permission_level, create_by, create_time, update_by, update_time, note) values (9578, 9103, 308, 308003, 2, 'system', now(), null, null, null);
insert into sys_org_post_button_auth (id, org_post_id, module_id, button_id, permission_level, create_by, create_time, update_by, update_time, note) values (9579, 9103, 309, 309001, 2, 'system', now(), null, null, null);
insert into sys_org_post_button_auth (id, org_post_id, module_id, button_id, permission_level, create_by, create_time, update_by, update_time, note) values (9580, 9103, 309, 309002, 2, 'system', now(), null, null, null);
insert into sys_org_post_button_auth (id, org_post_id, module_id, button_id, permission_level, create_by, create_time, update_by, update_time, note) values (9581, 9103, 309, 309003, 2, 'system', now(), null, null, null);
insert into sys_org_post_button_auth (id, org_post_id, module_id, button_id, permission_level, create_by, create_time, update_by, update_time, note) values (9582, 9103, 309, 309004, 2, 'system', now(), null, null, null);
insert into sys_org_post_button_auth (id, org_post_id, module_id, button_id, permission_level, create_by, create_time, update_by, update_time, note) values (9583, 9105, 101, 101001, 2, 'system', now(), null, null, null);
insert into sys_org_post_button_auth (id, org_post_id, module_id, button_id, permission_level, create_by, create_time, update_by, update_time, note) values (9584, 9105, 101, 101002, 2, 'system', now(), null, null, null);
insert into sys_org_post_button_auth (id, org_post_id, module_id, button_id, permission_level, create_by, create_time, update_by, update_time, note) values (9585, 9105, 101, 101003, 2, 'system', now(), null, null, null);
insert into sys_org_post_button_auth (id, org_post_id, module_id, button_id, permission_level, create_by, create_time, update_by, update_time, note) values (9586, 9105, 101, 101004, 2, 'system', now(), null, null, null);
insert into sys_org_post_button_auth (id, org_post_id, module_id, button_id, permission_level, create_by, create_time, update_by, update_time, note) values (9587, 9105, 101, 101005, 2, 'system', now(), null, null, null);
insert into sys_org_post_button_auth (id, org_post_id, module_id, button_id, permission_level, create_by, create_time, update_by, update_time, note) values (9588, 9105, 101, 101006, 2, 'system', now(), null, null, null);
insert into sys_org_post_button_auth (id, org_post_id, module_id, button_id, permission_level, create_by, create_time, update_by, update_time, note) values (9589, 9105, 101, 101007, 2, 'system', now(), null, null, null);
insert into sys_org_post_button_auth (id, org_post_id, module_id, button_id, permission_level, create_by, create_time, update_by, update_time, note) values (9590, 9105, 101, 101008, 2, 'system', now(), null, null, null);
insert into sys_org_post_button_auth (id, org_post_id, module_id, button_id, permission_level, create_by, create_time, update_by, update_time, note) values (9591, 9105, 101, 101009, 2, 'system', now(), null, null, null);
insert into sys_org_post_button_auth (id, org_post_id, module_id, button_id, permission_level, create_by, create_time, update_by, update_time, note) values (9592, 9105, 101, 101010, 2, 'system', now(), null, null, null);
insert into sys_org_post_button_auth (id, org_post_id, module_id, button_id, permission_level, create_by, create_time, update_by, update_time, note) values (9593, 9105, 101, 101011, 2, 'system', now(), null, null, null);
insert into sys_org_post_button_auth (id, org_post_id, module_id, button_id, permission_level, create_by, create_time, update_by, update_time, note) values (9594, 9105, 301, 301001, 2, 'system', now(), null, null, null);
insert into sys_org_post_button_auth (id, org_post_id, module_id, button_id, permission_level, create_by, create_time, update_by, update_time, note) values (9595, 9105, 301, 301002, 2, 'system', now(), null, null, null);
insert into sys_org_post_button_auth (id, org_post_id, module_id, button_id, permission_level, create_by, create_time, update_by, update_time, note) values (9596, 9105, 301, 301003, 2, 'system', now(), null, null, null);
insert into sys_org_post_button_auth (id, org_post_id, module_id, button_id, permission_level, create_by, create_time, update_by, update_time, note) values (9597, 9105, 303, 303001, 2, 'system', now(), null, null, null);
insert into sys_org_post_button_auth (id, org_post_id, module_id, button_id, permission_level, create_by, create_time, update_by, update_time, note) values (9598, 9105, 303, 303002, 2, 'system', now(), null, null, null);
insert into sys_org_post_button_auth (id, org_post_id, module_id, button_id, permission_level, create_by, create_time, update_by, update_time, note) values (9599, 9105, 303, 303003, 2, 'system', now(), null, null, null);
insert into sys_org_post_button_auth (id, org_post_id, module_id, button_id, permission_level, create_by, create_time, update_by, update_time, note) values (9600, 9105, 303, 303004, 2, 'system', now(), null, null, null);
insert into sys_org_post_button_auth (id, org_post_id, module_id, button_id, permission_level, create_by, create_time, update_by, update_time, note) values (9601, 9105, 303, 303005, 2, 'system', now(), null, null, null);
insert into sys_org_post_button_auth (id, org_post_id, module_id, button_id, permission_level, create_by, create_time, update_by, update_time, note) values (9602, 9105, 303, 303006, 2, 'system', now(), null, null, null);
insert into sys_org_post_button_auth (id, org_post_id, module_id, button_id, permission_level, create_by, create_time, update_by, update_time, note) values (9603, 9105, 303, 303007, 2, 'system', now(), null, null, null);
insert into sys_org_post_button_auth (id, org_post_id, module_id, button_id, permission_level, create_by, create_time, update_by, update_time, note) values (9604, 9105, 303, 303008, 2, 'system', now(), null, null, null);
insert into sys_org_post_button_auth (id, org_post_id, module_id, button_id, permission_level, create_by, create_time, update_by, update_time, note) values (9605, 9105, 303, 303009, 2, 'system', now(), null, null, null);
insert into sys_org_post_button_auth (id, org_post_id, module_id, button_id, permission_level, create_by, create_time, update_by, update_time, note) values (9606, 9105, 303, 303010, 2, 'system', now(), null, null, null);
insert into sys_org_post_button_auth (id, org_post_id, module_id, button_id, permission_level, create_by, create_time, update_by, update_time, note) values (9607, 9105, 303, 303011, 2, 'system', now(), null, null, null);
insert into sys_org_post_button_auth (id, org_post_id, module_id, button_id, permission_level, create_by, create_time, update_by, update_time, note) values (9608, 9105, 303, 303012, 2, 'system', now(), null, null, null);
insert into sys_org_post_button_auth (id, org_post_id, module_id, button_id, permission_level, create_by, create_time, update_by, update_time, note) values (9609, 9105, 304, 304001, 2, 'system', now(), null, null, null);
insert into sys_org_post_button_auth (id, org_post_id, module_id, button_id, permission_level, create_by, create_time, update_by, update_time, note) values (9610, 9105, 304, 304002, 2, 'system', now(), null, null, null);
insert into sys_org_post_button_auth (id, org_post_id, module_id, button_id, permission_level, create_by, create_time, update_by, update_time, note) values (9611, 9105, 304, 304003, 2, 'system', now(), null, null, null);
insert into sys_org_post_button_auth (id, org_post_id, module_id, button_id, permission_level, create_by, create_time, update_by, update_time, note) values (9612, 9105, 304, 304004, 2, 'system', now(), null, null, null);
insert into sys_org_post_button_auth (id, org_post_id, module_id, button_id, permission_level, create_by, create_time, update_by, update_time, note) values (9613, 9105, 304, 304005, 2, 'system', now(), null, null, null);
insert into sys_org_post_button_auth (id, org_post_id, module_id, button_id, permission_level, create_by, create_time, update_by, update_time, note) values (9614, 9105, 305, 305001, 2, 'system', now(), null, null, null);
insert into sys_org_post_button_auth (id, org_post_id, module_id, button_id, permission_level, create_by, create_time, update_by, update_time, note) values (9615, 9105, 306, 306001, 2, 'system', now(), null, null, null);
insert into sys_org_post_button_auth (id, org_post_id, module_id, button_id, permission_level, create_by, create_time, update_by, update_time, note) values (9616, 9105, 307, 307001, 2, 'system', now(), null, null, null);
insert into sys_org_post_button_auth (id, org_post_id, module_id, button_id, permission_level, create_by, create_time, update_by, update_time, note) values (9617, 9105, 308, 308001, 2, 'system', now(), null, null, null);
insert into sys_org_post_button_auth (id, org_post_id, module_id, button_id, permission_level, create_by, create_time, update_by, update_time, note) values (9618, 9105, 308, 308002, 2, 'system', now(), null, null, null);
insert into sys_org_post_button_auth (id, org_post_id, module_id, button_id, permission_level, create_by, create_time, update_by, update_time, note) values (9619, 9105, 308, 308003, 2, 'system', now(), null, null, null);
insert into sys_org_post_button_auth (id, org_post_id, module_id, button_id, permission_level, create_by, create_time, update_by, update_time, note) values (9620, 9105, 309, 309001, 2, 'system', now(), null, null, null);
insert into sys_org_post_button_auth (id, org_post_id, module_id, button_id, permission_level, create_by, create_time, update_by, update_time, note) values (9621, 9105, 309, 309002, 2, 'system', now(), null, null, null);
insert into sys_org_post_button_auth (id, org_post_id, module_id, button_id, permission_level, create_by, create_time, update_by, update_time, note) values (9622, 9105, 309, 309003, 2, 'system', now(), null, null, null);
insert into sys_org_post_button_auth (id, org_post_id, module_id, button_id, permission_level, create_by, create_time, update_by, update_time, note) values (9623, 9105, 309, 309004, 2, 'system', now(), null, null, null);
insert into sys_org_post_button_auth (id, org_post_id, module_id, button_id, permission_level, create_by, create_time, update_by, update_time, note) values (9624, 9107, 101, 101001, 2, 'system', now(), null, null, null);
insert into sys_org_post_button_auth (id, org_post_id, module_id, button_id, permission_level, create_by, create_time, update_by, update_time, note) values (9625, 9107, 101, 101002, 2, 'system', now(), null, null, null);
insert into sys_org_post_button_auth (id, org_post_id, module_id, button_id, permission_level, create_by, create_time, update_by, update_time, note) values (9626, 9107, 101, 101003, 2, 'system', now(), null, null, null);
insert into sys_org_post_button_auth (id, org_post_id, module_id, button_id, permission_level, create_by, create_time, update_by, update_time, note) values (9627, 9107, 101, 101004, 2, 'system', now(), null, null, null);
insert into sys_org_post_button_auth (id, org_post_id, module_id, button_id, permission_level, create_by, create_time, update_by, update_time, note) values (9628, 9107, 101, 101005, 2, 'system', now(), null, null, null);
insert into sys_org_post_button_auth (id, org_post_id, module_id, button_id, permission_level, create_by, create_time, update_by, update_time, note) values (9629, 9107, 101, 101006, 2, 'system', now(), null, null, null);
insert into sys_org_post_button_auth (id, org_post_id, module_id, button_id, permission_level, create_by, create_time, update_by, update_time, note) values (9630, 9107, 101, 101007, 2, 'system', now(), null, null, null);
insert into sys_org_post_button_auth (id, org_post_id, module_id, button_id, permission_level, create_by, create_time, update_by, update_time, note) values (9631, 9107, 101, 101008, 2, 'system', now(), null, null, null);
insert into sys_org_post_button_auth (id, org_post_id, module_id, button_id, permission_level, create_by, create_time, update_by, update_time, note) values (9632, 9107, 101, 101009, 2, 'system', now(), null, null, null);
insert into sys_org_post_button_auth (id, org_post_id, module_id, button_id, permission_level, create_by, create_time, update_by, update_time, note) values (9633, 9107, 101, 101010, 2, 'system', now(), null, null, null);
insert into sys_org_post_button_auth (id, org_post_id, module_id, button_id, permission_level, create_by, create_time, update_by, update_time, note) values (9634, 9107, 101, 101011, 2, 'system', now(), null, null, null);
insert into sys_org_post_button_auth (id, org_post_id, module_id, button_id, permission_level, create_by, create_time, update_by, update_time, note) values (9635, 9107, 301, 301001, 2, 'system', now(), null, null, null);
insert into sys_org_post_button_auth (id, org_post_id, module_id, button_id, permission_level, create_by, create_time, update_by, update_time, note) values (9636, 9107, 301, 301002, 2, 'system', now(), null, null, null);
insert into sys_org_post_button_auth (id, org_post_id, module_id, button_id, permission_level, create_by, create_time, update_by, update_time, note) values (9637, 9107, 301, 301003, 2, 'system', now(), null, null, null);
insert into sys_org_post_button_auth (id, org_post_id, module_id, button_id, permission_level, create_by, create_time, update_by, update_time, note) values (9638, 9107, 303, 303001, 2, 'system', now(), null, null, null);
insert into sys_org_post_button_auth (id, org_post_id, module_id, button_id, permission_level, create_by, create_time, update_by, update_time, note) values (9639, 9107, 303, 303002, 2, 'system', now(), null, null, null);
insert into sys_org_post_button_auth (id, org_post_id, module_id, button_id, permission_level, create_by, create_time, update_by, update_time, note) values (9640, 9107, 303, 303003, 2, 'system', now(), null, null, null);
insert into sys_org_post_button_auth (id, org_post_id, module_id, button_id, permission_level, create_by, create_time, update_by, update_time, note) values (9641, 9107, 303, 303004, 2, 'system', now(), null, null, null);
insert into sys_org_post_button_auth (id, org_post_id, module_id, button_id, permission_level, create_by, create_time, update_by, update_time, note) values (9642, 9107, 303, 303005, 2, 'system', now(), null, null, null);
insert into sys_org_post_button_auth (id, org_post_id, module_id, button_id, permission_level, create_by, create_time, update_by, update_time, note) values (9643, 9107, 303, 303006, 2, 'system', now(), null, null, null);
insert into sys_org_post_button_auth (id, org_post_id, module_id, button_id, permission_level, create_by, create_time, update_by, update_time, note) values (9644, 9107, 303, 303007, 2, 'system', now(), null, null, null);
insert into sys_org_post_button_auth (id, org_post_id, module_id, button_id, permission_level, create_by, create_time, update_by, update_time, note) values (9645, 9107, 303, 303008, 2, 'system', now(), null, null, null);
insert into sys_org_post_button_auth (id, org_post_id, module_id, button_id, permission_level, create_by, create_time, update_by, update_time, note) values (9646, 9107, 303, 303009, 2, 'system', now(), null, null, null);
insert into sys_org_post_button_auth (id, org_post_id, module_id, button_id, permission_level, create_by, create_time, update_by, update_time, note) values (9647, 9107, 303, 303010, 2, 'system', now(), null, null, null);
insert into sys_org_post_button_auth (id, org_post_id, module_id, button_id, permission_level, create_by, create_time, update_by, update_time, note) values (9648, 9107, 303, 303011, 2, 'system', now(), null, null, null);
insert into sys_org_post_button_auth (id, org_post_id, module_id, button_id, permission_level, create_by, create_time, update_by, update_time, note) values (9649, 9107, 303, 303012, 2, 'system', now(), null, null, null);
insert into sys_org_post_button_auth (id, org_post_id, module_id, button_id, permission_level, create_by, create_time, update_by, update_time, note) values (9650, 9107, 304, 304001, 2, 'system', now(), null, null, null);
insert into sys_org_post_button_auth (id, org_post_id, module_id, button_id, permission_level, create_by, create_time, update_by, update_time, note) values (9651, 9107, 304, 304002, 2, 'system', now(), null, null, null);
insert into sys_org_post_button_auth (id, org_post_id, module_id, button_id, permission_level, create_by, create_time, update_by, update_time, note) values (9652, 9107, 304, 304003, 2, 'system', now(), null, null, null);
insert into sys_org_post_button_auth (id, org_post_id, module_id, button_id, permission_level, create_by, create_time, update_by, update_time, note) values (9653, 9107, 304, 304004, 2, 'system', now(), null, null, null);
insert into sys_org_post_button_auth (id, org_post_id, module_id, button_id, permission_level, create_by, create_time, update_by, update_time, note) values (9654, 9107, 304, 304005, 2, 'system', now(), null, null, null);
insert into sys_org_post_button_auth (id, org_post_id, module_id, button_id, permission_level, create_by, create_time, update_by, update_time, note) values (9655, 9107, 305, 305001, 2, 'system', now(), null, null, null);
insert into sys_org_post_button_auth (id, org_post_id, module_id, button_id, permission_level, create_by, create_time, update_by, update_time, note) values (9656, 9107, 306, 306001, 2, 'system', now(), null, null, null);
insert into sys_org_post_button_auth (id, org_post_id, module_id, button_id, permission_level, create_by, create_time, update_by, update_time, note) values (9657, 9107, 307, 307001, 2, 'system', now(), null, null, null);
insert into sys_org_post_button_auth (id, org_post_id, module_id, button_id, permission_level, create_by, create_time, update_by, update_time, note) values (9658, 9107, 308, 308001, 2, 'system', now(), null, null, null);
insert into sys_org_post_button_auth (id, org_post_id, module_id, button_id, permission_level, create_by, create_time, update_by, update_time, note) values (9659, 9107, 308, 308002, 2, 'system', now(), null, null, null);
insert into sys_org_post_button_auth (id, org_post_id, module_id, button_id, permission_level, create_by, create_time, update_by, update_time, note) values (9660, 9107, 308, 308003, 2, 'system', now(), null, null, null);
insert into sys_org_post_button_auth (id, org_post_id, module_id, button_id, permission_level, create_by, create_time, update_by, update_time, note) values (9661, 9107, 309, 309001, 2, 'system', now(), null, null, null);
insert into sys_org_post_button_auth (id, org_post_id, module_id, button_id, permission_level, create_by, create_time, update_by, update_time, note) values (9662, 9107, 309, 309002, 2, 'system', now(), null, null, null);
insert into sys_org_post_button_auth (id, org_post_id, module_id, button_id, permission_level, create_by, create_time, update_by, update_time, note) values (9663, 9107, 309, 309003, 2, 'system', now(), null, null, null);
insert into sys_org_post_button_auth (id, org_post_id, module_id, button_id, permission_level, create_by, create_time, update_by, update_time, note) values (9664, 9107, 309, 309004, 2, 'system', now(), null, null, null);

delete from purchase_order_activity;
delete from purchase_order_attachment;
delete from purchase_order_source;
delete from purchase_order_item;
delete from purchase_order;

insert into purchase_order (id, company_id, bill_no, bill_date, supplier_id, supplier_name, settle_type, warehouse_id, warehouse_name, user_name, currency, remark, status, create_user_id, create_by_name, audit_user_id, audit_user_name, audit_time, submit_time, ship_time, complete_time, total_qty, net_amount, tax_amount, total_amount, create_by, create_time, update_by, update_time, note) values (500001, 9001, 'PO202603280001', '2026-03-28', 1, '华为技术有限公司', 'monthly', 1, '深圳一号仓', '超级管理员', 'CNY', '总部采购待提交订单', 'unaudited', 1, '超级管理员', null, null, null, null, null, null, 50.00, 6000.00, 600.00, 6600.00, 'system', now(), 'system', now(), null);
insert into purchase_order (id, company_id, bill_no, bill_date, supplier_id, supplier_name, settle_type, warehouse_id, warehouse_name, user_name, currency, remark, status, create_user_id, create_by_name, audit_user_id, audit_user_name, audit_time, submit_time, ship_time, complete_time, total_qty, net_amount, tax_amount, total_amount, create_by, create_time, update_by, update_time, note) values (500002, 9001, 'PO202603270002', '2026-03-27', 2, '小米通讯有限公司', 'cash', 2, '广州二号仓', '超级管理员', 'CNY', '总部采购待审核订单', 'pre_audited', 1, '超级管理员', null, null, null, now(), null, null, 20.00, 1600.00, 208.00, 1808.00, 'system', now(), 'system', now(), null);
insert into purchase_order (id, company_id, bill_no, bill_date, supplier_id, supplier_name, settle_type, warehouse_id, warehouse_name, user_name, currency, remark, status, create_user_id, create_by_name, audit_user_id, audit_user_name, audit_time, submit_time, ship_time, complete_time, total_qty, net_amount, tax_amount, total_amount, create_by, create_time, update_by, update_time, note) values (500003, 9001, 'PO202603260003', '2026-03-26', 3, '宁德时代新能源科技股份有限公司', 'monthly', 3, '上海中心仓', '超级管理员', 'CNY', '总部采购已审核订单', 'audited', 1, '超级管理员', 1, '超级管理员', now(), now(), null, null, 100.00, 2500.00, 325.00, 2825.00, 'system', now(), 'system', now(), null);
insert into purchase_order (id, company_id, bill_no, bill_date, supplier_id, supplier_name, settle_type, warehouse_id, warehouse_name, user_name, currency, remark, status, create_user_id, create_by_name, audit_user_id, audit_user_name, audit_time, submit_time, ship_time, complete_time, total_qty, net_amount, tax_amount, total_amount, create_by, create_time, update_by, update_time, note) values (500004, 9001, 'PO202603250004', '2026-03-25', 1, '华为技术有限公司', 'cash', 1, '深圳一号仓', '超级管理员', 'CNY', '总部采购已发运订单', 'shipped', 1, '超级管理员', 1, '超级管理员', now(), now(), now(), null, 30.00, 1500.00, 195.00, 1695.00, 'system', now(), 'system', now(), null);
insert into purchase_order (id, company_id, bill_no, bill_date, supplier_id, supplier_name, settle_type, warehouse_id, warehouse_name, user_name, currency, remark, status, create_user_id, create_by_name, audit_user_id, audit_user_name, audit_time, submit_time, ship_time, complete_time, total_qty, net_amount, tax_amount, total_amount, create_by, create_time, update_by, update_time, note) values (500005, 9001, 'PO202603240005', '2026-03-24', 2, '小米通讯有限公司', 'monthly', 2, '广州二号仓', '超级管理员', 'CNY', '总部采购已完成订单', 'completed', 1, '超级管理员', 1, '超级管理员', now(), now(), now(), now(), 12.00, 3600.00, 468.00, 4068.00, 'system', now(), 'system', now(), null);

insert into purchase_order_item (id, order_id, sort, item_code, item_name, spec, unit, qty, price_excl, tax_rate, tax_amount, total_amount, create_by, create_time, update_by, update_time, note) values (510001, 500001, 1, 'RM-1001', '高强度螺栓', 'M12', '箱', 50.00, 120.0000, 10.00, 600.00, 6600.00, 'system', now(), 'system', now(), null);
insert into purchase_order_item (id, order_id, sort, item_code, item_name, spec, unit, qty, price_excl, tax_rate, tax_amount, total_amount, create_by, create_time, update_by, update_time, note) values (510002, 500002, 1, 'RM-2001', '工业网关', 'GW-20', '台', 20.00, 80.0000, 13.00, 208.00, 1808.00, 'system', now(), 'system', now(), null);
insert into purchase_order_item (id, order_id, sort, item_code, item_name, spec, unit, qty, price_excl, tax_rate, tax_amount, total_amount, create_by, create_time, update_by, update_time, note) values (510003, 500003, 1, 'RM-3001', '动力电芯', 'DC-9', '组', 100.00, 25.0000, 13.00, 325.00, 2825.00, 'system', now(), 'system', now(), null);
insert into purchase_order_item (id, order_id, sort, item_code, item_name, spec, unit, qty, price_excl, tax_rate, tax_amount, total_amount, create_by, create_time, update_by, update_time, note) values (510004, 500004, 1, 'RM-4001', '控制面板', 'CP-7', '套', 30.00, 50.0000, 13.00, 195.00, 1695.00, 'system', now(), 'system', now(), null);
insert into purchase_order_item (id, order_id, sort, item_code, item_name, spec, unit, qty, price_excl, tax_rate, tax_amount, total_amount, create_by, create_time, update_by, update_time, note) values (510005, 500005, 1, 'RM-5001', '伺服电机', 'SM-5', '台', 12.00, 300.0000, 13.00, 468.00, 4068.00, 'system', now(), 'system', now(), null);

insert into purchase_order_source (id, order_id, sort, source_bill_no, source_type, supplier_name, bill_date, total_amount, status, create_by, create_time, update_by, update_time, note) values (520001, 500001, 1, 'PR20260328001', '采购申请', '华为技术有限公司', '2026-03-27', 6600.00, '已审批', 'system', now(), 'system', now(), '来源采购申请');
insert into purchase_order_source (id, order_id, sort, source_bill_no, source_type, supplier_name, bill_date, total_amount, status, create_by, create_time, update_by, update_time, note) values (520002, 500002, 1, 'PR20260327002', '采购申请', '小米通讯有限公司', '2026-03-26', 1808.00, '已审批', 'system', now(), 'system', now(), '来源采购申请');
insert into purchase_order_source (id, order_id, sort, source_bill_no, source_type, supplier_name, bill_date, total_amount, status, create_by, create_time, update_by, update_time, note) values (520003, 500003, 1, 'PR20260326003', '采购申请', '宁德时代新能源科技股份有限公司', '2026-03-25', 2825.00, '已审批', 'system', now(), 'system', now(), '来源采购申请');
insert into purchase_order_source (id, order_id, sort, source_bill_no, source_type, supplier_name, bill_date, total_amount, status, create_by, create_time, update_by, update_time, note) values (520004, 500004, 1, 'PR20260325004', '采购申请', '华为技术有限公司', '2026-03-24', 1695.00, '已审批', 'system', now(), 'system', now(), '来源采购申请');

insert into purchase_order_attachment (id, order_id, sort, file_name, file_type, file_size, upload_user, upload_time, create_by, create_time, update_by, update_time, note) values (530001, 500001, 1, '采购订单附件-500001.pdf', 'pdf', '256KB', '超级管理员', now(), 'system', now(), 'system', now(), '采购订单附件');
insert into purchase_order_attachment (id, order_id, sort, file_name, file_type, file_size, upload_user, upload_time, create_by, create_time, update_by, update_time, note) values (530002, 500002, 1, '采购订单附件-500002.pdf', 'pdf', '198KB', '超级管理员', now(), 'system', now(), 'system', now(), '采购订单附件');
insert into purchase_order_attachment (id, order_id, sort, file_name, file_type, file_size, upload_user, upload_time, create_by, create_time, update_by, update_time, note) values (530003, 500003, 1, '采购订单附件-500003.pdf', 'pdf', '312KB', '超级管理员', now(), 'system', now(), 'system', now(), '采购订单附件');
insert into purchase_order_attachment (id, order_id, sort, file_name, file_type, file_size, upload_user, upload_time, create_by, create_time, update_by, update_time, note) values (530004, 500005, 1, '采购订单附件-500005.pdf', 'pdf', '420KB', '超级管理员', now(), 'system', now(), 'system', now(), '采购订单附件');

insert into purchase_order_activity (id, order_id, action_code, action_name, content, operator_user_id, operator_name, activity_type, operate_time, create_by, create_time, update_by, update_time, note) values (540001, 500001, 'create', '创建', '创建采购订单 PO202603280001', 1, '超级管理员', 'primary', now(), 'system', now(), null, null, null);
insert into purchase_order_activity (id, order_id, action_code, action_name, content, operator_user_id, operator_name, activity_type, operate_time, create_by, create_time, update_by, update_time, note) values (540002, 500002, 'create', '创建', '创建采购订单 PO202603270002', 1, '超级管理员', 'primary', now(), 'system', now(), null, null, null);
insert into purchase_order_activity (id, order_id, action_code, action_name, content, operator_user_id, operator_name, activity_type, operate_time, create_by, create_time, update_by, update_time, note) values (540003, 500002, 'submit', '提交', '提交采购订单 PO202603270002', 1, '超级管理员', 'warning', now(), 'system', now(), null, null, null);
insert into purchase_order_activity (id, order_id, action_code, action_name, content, operator_user_id, operator_name, activity_type, operate_time, create_by, create_time, update_by, update_time, note) values (540004, 500003, 'create', '创建', '创建采购订单 PO202603260003', 1, '超级管理员', 'primary', now(), 'system', now(), null, null, null);
insert into purchase_order_activity (id, order_id, action_code, action_name, content, operator_user_id, operator_name, activity_type, operate_time, create_by, create_time, update_by, update_time, note) values (540005, 500003, 'submit', '提交', '提交采购订单 PO202603260003', 1, '超级管理员', 'warning', now(), 'system', now(), null, null, null);
insert into purchase_order_activity (id, order_id, action_code, action_name, content, operator_user_id, operator_name, activity_type, operate_time, create_by, create_time, update_by, update_time, note) values (540006, 500003, 'audit', '审核', '审核采购订单 PO202603260003', 1, '超级管理员', 'success', now(), 'system', now(), null, null, null);
insert into purchase_order_activity (id, order_id, action_code, action_name, content, operator_user_id, operator_name, activity_type, operate_time, create_by, create_time, update_by, update_time, note) values (540007, 500004, 'create', '创建', '创建采购订单 PO202603250004', 1, '超级管理员', 'primary', now(), 'system', now(), null, null, null);
insert into purchase_order_activity (id, order_id, action_code, action_name, content, operator_user_id, operator_name, activity_type, operate_time, create_by, create_time, update_by, update_time, note) values (540008, 500004, 'submit', '提交', '提交采购订单 PO202603250004', 1, '超级管理员', 'warning', now(), 'system', now(), null, null, null);
insert into purchase_order_activity (id, order_id, action_code, action_name, content, operator_user_id, operator_name, activity_type, operate_time, create_by, create_time, update_by, update_time, note) values (540009, 500004, 'audit', '审核', '审核采购订单 PO202603250004', 1, '超级管理员', 'success', now(), 'system', now(), null, null, null);
insert into purchase_order_activity (id, order_id, action_code, action_name, content, operator_user_id, operator_name, activity_type, operate_time, create_by, create_time, update_by, update_time, note) values (540010, 500004, 'ship', '发运', '发运采购订单 PO202603250004', 1, '超级管理员', 'success', now(), 'system', now(), null, null, null);
insert into purchase_order_activity (id, order_id, action_code, action_name, content, operator_user_id, operator_name, activity_type, operate_time, create_by, create_time, update_by, update_time, note) values (540011, 500005, 'create', '创建', '创建采购订单 PO202603240005', 1, '超级管理员', 'primary', now(), 'system', now(), null, null, null);
insert into purchase_order_activity (id, order_id, action_code, action_name, content, operator_user_id, operator_name, activity_type, operate_time, create_by, create_time, update_by, update_time, note) values (540012, 500005, 'submit', '提交', '提交采购订单 PO202603240005', 1, '超级管理员', 'warning', now(), 'system', now(), null, null, null);
insert into purchase_order_activity (id, order_id, action_code, action_name, content, operator_user_id, operator_name, activity_type, operate_time, create_by, create_time, update_by, update_time, note) values (540013, 500005, 'audit', '审核', '审核采购订单 PO202603240005', 1, '超级管理员', 'success', now(), 'system', now(), null, null, null);
insert into purchase_order_activity (id, order_id, action_code, action_name, content, operator_user_id, operator_name, activity_type, operate_time, create_by, create_time, update_by, update_time, note) values (540014, 500005, 'ship', '发运', '发运采购订单 PO202603240005', 1, '超级管理员', 'success', now(), 'system', now(), null, null, null);
insert into purchase_order_activity (id, order_id, action_code, action_name, content, operator_user_id, operator_name, activity_type, operate_time, create_by, create_time, update_by, update_time, note) values (540015, 500005, 'complete', '完成', '完成采购订单 PO202603240005', 1, '超级管理员', 'success', now(), 'system', now(), null, null, null);
